date,title,url,source
2026 Apr 23,Enhancement of gellan gum-based bilayer films by incorporating tea polyphenols and Artemisia sphaerocephala Krasch. gum.,https://pubmed.ncbi.nlm.nih.gov/42034140/,PubMed
2026 Apr 24,Red rooibos tea mitigates recognition memory deficits in female rats fed a low vitamin D and calcium diet.,https://pubmed.ncbi.nlm.nih.gov/42033351/,PubMed
2026 Apr 24,Green Tea Consumption Potentiates Paclitaxel Cytotoxic Efficacy in Vitro and Antitumor Efficacy in Vivo: A Pharmacodynamic and Pharmacokinetic Study.,https://pubmed.ncbi.nlm.nih.gov/42032893/,PubMed
2026 Apr 24,Rhizosphere microbiome influences fruit quality in citrus.,https://pubmed.ncbi.nlm.nih.gov/42032888/,PubMed
2026 Apr 25,Two distinct modes of Vgll4-mediated Tead regulation control organ size in zebrafish.,https://pubmed.ncbi.nlm.nih.gov/42032219/,PubMed
2026 Apr 22,Moderate thermal-chemical-enzymatic pretreatment for waste activated sludge: Methane yield enhancement and life cycle assessment.,https://pubmed.ncbi.nlm.nih.gov/42031054/,PubMed
2026 Apr,Prebiotic Effects of Lycium barbarum Polysaccharides on Gut Microbiota and Short-Chain Fatty Acids Production in Wilson's Disease: An In Vitro Fermentation Study.,https://pubmed.ncbi.nlm.nih.gov/42027254/,PubMed
2026 Apr 23,Testosterone increases reproduction in the predatory ladybird Coccinella septempunctata.,https://pubmed.ncbi.nlm.nih.gov/42026700/,PubMed
2026 Apr 23,Genetic diversity and population structure of wild and cultivated Camellia tetracocca Chang assessed by ILP markers: insights for conservation of an endangered tea species.,https://pubmed.ncbi.nlm.nih.gov/42026479/,PubMed
2026 Apr 23,Land use patterns influenced the quality and climate resilience of soil in the Brahmaputra Valley at the Himalayan foothill in India.,https://pubmed.ncbi.nlm.nih.gov/42026335/,PubMed
2026 Apr 23,Enhancement of gellan gum-based bilayer films by incorporating tea polyphenols and Artemisia sphaerocephala Krasch. gum.,https://pubmed.ncbi.nlm.nih.gov/42034140/,PubMed
2026 Apr 24,Red rooibos tea mitigates recognition memory deficits in female rats fed a low vitamin D and calcium diet.,https://pubmed.ncbi.nlm.nih.gov/42033351/,PubMed
2026 Apr 24,Green Tea Consumption Potentiates Paclitaxel Cytotoxic Efficacy in Vitro and Antitumor Efficacy in Vivo: A Pharmacodynamic and Pharmacokinetic Study.,https://pubmed.ncbi.nlm.nih.gov/42032893/,PubMed
2026 Apr 24,Rhizosphere microbiome influences fruit quality in citrus.,https://pubmed.ncbi.nlm.nih.gov/42032888/,PubMed
2026 Apr 25,Two distinct modes of Vgll4-mediated Tead regulation control organ size in zebrafish.,https://pubmed.ncbi.nlm.nih.gov/42032219/,PubMed
2026 Apr 22,Moderate thermal-chemical-enzymatic pretreatment for waste activated sludge: Methane yield enhancement and life cycle assessment.,https://pubmed.ncbi.nlm.nih.gov/42031054/,PubMed
2026 Apr,Prebiotic Effects of Lycium barbarum Polysaccharides on Gut Microbiota and Short-Chain Fatty Acids Production in Wilson's Disease: An In Vitro Fermentation Study.,https://pubmed.ncbi.nlm.nih.gov/42027254/,PubMed
2026 Apr 23,Testosterone increases reproduction in the predatory ladybird Coccinella septempunctata.,https://pubmed.ncbi.nlm.nih.gov/42026700/,PubMed
2026 Apr 23,Genetic diversity and population structure of wild and cultivated Camellia tetracocca Chang assessed by ILP markers: insights for conservation of an endangered tea species.,https://pubmed.ncbi.nlm.nih.gov/42026479/,PubMed
2026 Apr 23,Land use patterns influenced the quality and climate resilience of soil in the Brahmaputra Valley at the Himalayan foothill in India.,https://pubmed.ncbi.nlm.nih.gov/42026335/,PubMed
2026 Apr 21,Evaluation of the Antifungal Activity of the Polyphenol Formulation Viroelixir Against Candida albicans.,https://pubmed.ncbi.nlm.nih.gov/42041383/,PubMed
2026 Apr 14,Efficient aqueous solubilization of methylxanthines via complexation with natural polyphenolate salts.,https://pubmed.ncbi.nlm.nih.gov/42040972/,PubMed
2026 Apr 27,Theabrownin derived from Pu-erh tea enhances intestinal barrier integrity and microbiota balance via the ST6GalNAc6-STn-MUC2 axis in inflammation.,https://pubmed.ncbi.nlm.nih.gov/42037092/,PubMed
2026 Apr 26,Elevated Serum Neurofilament Light Chain Is Associated With Systemic Inflammation in Very Preterm Infants.,https://pubmed.ncbi.nlm.nih.gov/42037002/,PubMed
2026 Apr 24,Toxic effects of 5-hydroxymethylfurfural on intestinal epithelial cell and its impact on the expression of MAPK pathway-related genes.,https://pubmed.ncbi.nlm.nih.gov/42035979/,PubMed
2026 Apr 23,Enhancement of gellan gum-based bilayer films by incorporating tea polyphenols and Artemisia sphaerocephala Krasch. gum.,https://pubmed.ncbi.nlm.nih.gov/42034140/,PubMed
2026 Apr 24,Red rooibos tea mitigates recognition memory deficits in female rats fed a low vitamin D and calcium diet.,https://pubmed.ncbi.nlm.nih.gov/42033351/,PubMed
2026 Apr 24,Green Tea Consumption Potentiates Paclitaxel Cytotoxic Efficacy in Vitro and Antitumor Efficacy in Vivo: A Pharmacodynamic and Pharmacokinetic Study.,https://pubmed.ncbi.nlm.nih.gov/42032893/,PubMed
2026 Apr 24,Rhizosphere microbiome influences fruit quality in citrus.,https://pubmed.ncbi.nlm.nih.gov/42032888/,PubMed
2026 Apr 25,Two distinct modes of Vgll4-mediated Tead regulation control organ size in zebrafish.,https://pubmed.ncbi.nlm.nih.gov/42032219/,PubMed
2026 Apr 28,Cation-exchange-derived Cu(1.8)S-Fe(0.8)S nanocomposites for the construction of a photothermal immunoplatform toward sensitive alpha-fetoprotein assay.,https://pubmed.ncbi.nlm.nih.gov/42047002/,PubMed
2026 Apr 27,Reducing stigma among vulnerable populations with TB: insights from a community intervention.,https://pubmed.ncbi.nlm.nih.gov/42046226/,PubMed
2026 Apr 21,Evaluation of the Antifungal Activity of the Polyphenol Formulation Viroelixir Against Candida albicans.,https://pubmed.ncbi.nlm.nih.gov/42041383/,PubMed
2026 Apr 14,Efficient aqueous solubilization of methylxanthines via complexation with natural polyphenolate salts.,https://pubmed.ncbi.nlm.nih.gov/42040972/,PubMed
2026 Apr 27,Theabrownin derived from Pu-erh tea enhances intestinal barrier integrity and microbiota balance via the ST6GalNAc6-STn-MUC2 axis in inflammation.,https://pubmed.ncbi.nlm.nih.gov/42037092/,PubMed
2026 Apr 26,Elevated Serum Neurofilament Light Chain Is Associated With Systemic Inflammation in Very Preterm Infants.,https://pubmed.ncbi.nlm.nih.gov/42037002/,PubMed
2026 Apr 24,Toxic effects of 5-hydroxymethylfurfural on intestinal epithelial cell and its impact on the expression of MAPK pathway-related genes.,https://pubmed.ncbi.nlm.nih.gov/42035979/,PubMed
2026 Apr 23,Enhancement of gellan gum-based bilayer films by incorporating tea polyphenols and Artemisia sphaerocephala Krasch. gum.,https://pubmed.ncbi.nlm.nih.gov/42034140/,PubMed
2026 Apr 24,Red rooibos tea mitigates recognition memory deficits in female rats fed a low vitamin D and calcium diet.,https://pubmed.ncbi.nlm.nih.gov/42033351/,PubMed
2026 Apr 24,Green Tea Consumption Potentiates Paclitaxel Cytotoxic Efficacy in Vitro and Antitumor Efficacy in Vivo: A Pharmacodynamic and Pharmacokinetic Study.,https://pubmed.ncbi.nlm.nih.gov/42032893/,PubMed
2026,Continuous Erector Spinae Plane Block versus Thoracic Epidural Analgesia After Thoracotomy: A Randomized Controlled Assessor-Blinded Non-Inferiority Trial.,https://pubmed.ncbi.nlm.nih.gov/42051755/,PubMed
2026 Apr 24,"Natural compounds extracted from medicinal herbs in the treatment of Parkinson's disease; Molecular Docking, Molecular Dynamics simulation, and Quantum Mechanical calculations.",https://pubmed.ncbi.nlm.nih.gov/42048895/,PubMed
2026 Apr 22,Effective tannic acid prediction in black tea using regression approach: Fusion of electrochemical and spectroscopic responses.,https://pubmed.ncbi.nlm.nih.gov/42048858/,PubMed
2026 Apr 28,Cation-exchange-derived Cu(1.8)S-Fe(0.8)S nanocomposites for the construction of a photothermal immunoplatform toward sensitive alpha-fetoprotein assay.,https://pubmed.ncbi.nlm.nih.gov/42047002/,PubMed
2026 Apr 27,Reducing stigma among vulnerable populations with TB: insights from a community intervention.,https://pubmed.ncbi.nlm.nih.gov/42046226/,PubMed
2026 Apr 14,Efficient aqueous solubilization of methylxanthines via complexation with natural polyphenolate salts.,https://pubmed.ncbi.nlm.nih.gov/42040972/,PubMed
2026 Apr 27,Theabrownin derived from Pu-erh tea enhances intestinal barrier integrity and microbiota balance via the ST6GalNAc6-STn-MUC2 axis in inflammation.,https://pubmed.ncbi.nlm.nih.gov/42037092/,PubMed
2026 Apr 26,Elevated Serum Neurofilament Light Chain Is Associated With Systemic Inflammation in Very Preterm Infants.,https://pubmed.ncbi.nlm.nih.gov/42037002/,PubMed
2026 Apr 24,Toxic effects of 5-hydroxymethylfurfural on intestinal epithelial cell and its impact on the expression of MAPK pathway-related genes.,https://pubmed.ncbi.nlm.nih.gov/42035979/,PubMed
2026 Apr 23,Enhancement of gellan gum-based bilayer films by incorporating tea polyphenols and Artemisia sphaerocephala Krasch. gum.,https://pubmed.ncbi.nlm.nih.gov/42034140/,PubMed
2026 Apr 30,Chronic Fluoride Exposure from Brick Tea Consumption Disrupts Bone Remodeling and Contributes to Bone Loss in Chinese Population with Skeletal Fluorosis.,https://pubmed.ncbi.nlm.nih.gov/42060046/,PubMed
2026 Apr 29,Evolution of the TCP gene family and pan-genome analysis in tea (Camellia sinensis).,https://pubmed.ncbi.nlm.nih.gov/42056909/,PubMed
2026 Apr 29,"Chromosome-level genome assembly of a citrus and tea insect pest, Aphis aurantii.",https://pubmed.ncbi.nlm.nih.gov/42056147/,PubMed
2026 Apr 29,"Chromosome level genome assembly of the tea ash wood moth, Agriophara rhombata.",https://pubmed.ncbi.nlm.nih.gov/42056129/,PubMed
2026 Apr 27,Maxillary palp odorant-binding proteins as key mediators of bitter taste and molecular targets for cockroach control.,https://pubmed.ncbi.nlm.nih.gov/42055115/,PubMed
2026 Apr 27,Processing-induced theaflavins content in Camellia sinensis leaves through rehydration followed by a second withering: Biological and antioxidant properties.,https://pubmed.ncbi.nlm.nih.gov/42055095/,PubMed
2026 Apr 28,Plant extract mixture shows anti-inflammatory and barrier-strengthening effects and activates aryl hydrocarbon receptor in a 2D psoriasis model.,https://pubmed.ncbi.nlm.nih.gov/42050003/,PubMed
2026 Apr 24,"Natural compounds extracted from medicinal herbs in the treatment of Parkinson's disease; Molecular Docking, Molecular Dynamics simulation, and Quantum Mechanical calculations.",https://pubmed.ncbi.nlm.nih.gov/42048895/,PubMed
2026 Apr 28,Cation-exchange-derived Cu(1.8)S-Fe(0.8)S nanocomposites for the construction of a photothermal immunoplatform toward sensitive alpha-fetoprotein assay.,https://pubmed.ncbi.nlm.nih.gov/42047002/,PubMed
2026 Apr 27,Reducing stigma among vulnerable populations with TB: insights from a community intervention.,https://pubmed.ncbi.nlm.nih.gov/42046226/,PubMed
2026 May 1,The Complex Interplay between Botanical Supplements and the Human Gut Microbiome.,https://pubmed.ncbi.nlm.nih.gov/42066227/,PubMed
2026 Apr,The 2024 European Union monitoring report on food additives and flavourings (1st pilot).,https://pubmed.ncbi.nlm.nih.gov/42063806/,PubMed
2026 May,Iso-Height Axis Provides More Physiologic Description of Condylar Kinematics and Frontal Plane Stability During Functional Activities After Unicompartmental Knee Arthroplasty.,https://pubmed.ncbi.nlm.nih.gov/42063234/,PubMed
2026 Apr 30,Creating highly active fluoroacetate dehalogenases via gate-based synergetic chain design.,https://pubmed.ncbi.nlm.nih.gov/42062289/,PubMed
2026 Apr 30,Constructing gene co-functional and co-regulatory networks from public transcriptomes using condition-specific ensemble co-expression.,https://pubmed.ncbi.nlm.nih.gov/42062278/,PubMed
2026 Apr 26,Rolling temperature affects green tea quality and non-volatile metabolites: Insights from integrated metabolomics and proteomics.,https://pubmed.ncbi.nlm.nih.gov/42061162/,PubMed
2026 Apr 29,Assessment of beta-emitting radionuclide accumulation in food and tobacco products during long-term storage.,https://pubmed.ncbi.nlm.nih.gov/42061009/,PubMed
2026 Apr 30,Chronic Fluoride Exposure from Brick Tea Consumption Disrupts Bone Remodeling and Contributes to Bone Loss in Chinese Population with Skeletal Fluorosis.,https://pubmed.ncbi.nlm.nih.gov/42060046/,PubMed
2026 Apr 29,Evolution of the TCP gene family and pan-genome analysis in tea (Camellia sinensis).,https://pubmed.ncbi.nlm.nih.gov/42056909/,PubMed
2026 Apr 29,"Chromosome-level genome assembly of a citrus and tea insect pest, Aphis aurantii.",https://pubmed.ncbi.nlm.nih.gov/42056147/,PubMed
2026 May 1,"Evaluation of surface roughness, microhardness, and color change of 3D-printed resins post-polymerized with glycerin gel.",https://pubmed.ncbi.nlm.nih.gov/42067883/,PubMed
2026 May 1,Sugar based natural deep eutectic solvent liquid liquid microextraction for the determination of nickel and copper in food and water samples.,https://pubmed.ncbi.nlm.nih.gov/42067561/,PubMed
2026 Apr 30,Long-term clinical performance of bilaminar veneers combined with the Dahl concept for the management of localized anterior tooth wear: An ambispective cohort study.,https://pubmed.ncbi.nlm.nih.gov/42067488/,PubMed
2026 Apr 28,Carbohydrate conversion and microbial community restructuring following Saccharomyces cerevisiae inoculation during Pu-erh tea fermentation.,https://pubmed.ncbi.nlm.nih.gov/42066544/,PubMed
2026 May 1,The Complex Interplay between Botanical Supplements and the Human Gut Microbiome.,https://pubmed.ncbi.nlm.nih.gov/42066227/,PubMed
2026 Apr,The 2024 European Union monitoring report on food additives and flavourings (1st pilot).,https://pubmed.ncbi.nlm.nih.gov/42063806/,PubMed
2026 May,Iso-Height Axis Provides More Physiologic Description of Condylar Kinematics and Frontal Plane Stability During Functional Activities After Unicompartmental Knee Arthroplasty.,https://pubmed.ncbi.nlm.nih.gov/42063234/,PubMed
2026 Apr 30,Creating highly active fluoroacetate dehalogenases via gate-based synergetic chain design.,https://pubmed.ncbi.nlm.nih.gov/42062289/,PubMed
2026 Apr 30,Constructing gene co-functional and co-regulatory networks from public transcriptomes using condition-specific ensemble co-expression.,https://pubmed.ncbi.nlm.nih.gov/42062278/,PubMed
2026 Apr 26,Rolling temperature affects green tea quality and non-volatile metabolites: Insights from integrated metabolomics and proteomics.,https://pubmed.ncbi.nlm.nih.gov/42061162/,PubMed
2026 May 3,Herbivore-Induced Volatiles Orchestrate Oviposition Plasticity in Geometrid Moths to Counteract Direct Resistance in Tea Plants.,https://pubmed.ncbi.nlm.nih.gov/42070126/,PubMed
2026 May 2,Medicinal Plants and the Gastrointestinal Microbiota in Chronic Diseases Modulation: A Structured Mechanistic and Translational Review.,https://pubmed.ncbi.nlm.nih.gov/42070004/,PubMed
2026 May 3,"Assessing the geochemical impacts of bauxite mining to the neighbouring environment: a quantitative approach through risk assessment, sensitivity analysis and source apportionment of heavy metals.",https://pubmed.ncbi.nlm.nih.gov/42069885/,PubMed
2026 Apr 30,Nerve Injury in Revision Total Elbow Arthroplasty - A Systematic Review and Meta-analysis.,https://pubmed.ncbi.nlm.nih.gov/42069132/,PubMed
2026 Apr 27,Computational toxicological evaluation of chiral dinotefuran risks: Enantioselective metabolism and processing-driven fate in Chinese tea.,https://pubmed.ncbi.nlm.nih.gov/42068953/,PubMed
2026 May 1,"Evaluation of surface roughness, microhardness, and color change of 3D-printed resins post-polymerized with glycerin gel.",https://pubmed.ncbi.nlm.nih.gov/42067883/,PubMed
2026 May 1,Sugar based natural deep eutectic solvent liquid liquid microextraction for the determination of nickel and copper in food and water samples.,https://pubmed.ncbi.nlm.nih.gov/42067561/,PubMed
2026 Apr 30,Long-term clinical performance of bilaminar veneers combined with the Dahl concept for the management of localized anterior tooth wear: An ambispective cohort study.,https://pubmed.ncbi.nlm.nih.gov/42067488/,PubMed
2026 Apr 28,Carbohydrate conversion and microbial community restructuring following Saccharomyces cerevisiae inoculation during Pu-erh tea fermentation.,https://pubmed.ncbi.nlm.nih.gov/42066544/,PubMed
2026 May 1,The Complex Interplay between Botanical Supplements and the Human Gut Microbiome.,https://pubmed.ncbi.nlm.nih.gov/42066227/,PubMed
2026 May 4,Crashing the tea party: Imagining alternative explanations.,https://pubmed.ncbi.nlm.nih.gov/42080864/,PubMed
2026 May 4,Photocatalytic Transfer Hydrogenation Using Plastic Hydrolysates as Hydrogen Donor.,https://pubmed.ncbi.nlm.nih.gov/42080426/,PubMed
2026 Apr 30,Ginseng Tea Consumption and Liver Cancer Risk: A Prospective Korean Multi-center Cancer Cohort Study.,https://pubmed.ncbi.nlm.nih.gov/42079340/,PubMed
2026 May,"Dietary Polyphenols in Non-Communicable Chronic Diseases: Neuro-Enteric Mechanisms, Multi-Omics Biomarkers and Translational Opportunities.",https://pubmed.ncbi.nlm.nih.gov/42079325/,PubMed
2026,Multiomics analysis reveals the biochemical and genetic bases of Coffea arabica L. fruit color.,https://pubmed.ncbi.nlm.nih.gov/42079007/,PubMed
2026 May,A newly-processed Meicha (Ampelopsis grossedentata) via high-temperature re-roasting and Eurotium cristatum fermentation: Aroma characteristics and chemical basis.,https://pubmed.ncbi.nlm.nih.gov/42078021/,PubMed
2026 May,Influence of green tea-enriched fermentation and cold storage on yogurt's probiotic viability and metabolomic signatures.,https://pubmed.ncbi.nlm.nih.gov/42077775/,PubMed
2026 May 4,Design and Synthesis of Novel N-(Pyrazol-4-yl)benzamide Derivatives Featuring a Diphenylamine or Diphenyl Ether Scaffold as Potential Broad-Spectrum SDH Inhibitors.,https://pubmed.ncbi.nlm.nih.gov/42077188/,PubMed
2026 May 1,Recent advances in Chlamydomonas reinhardtii as a green factory for sustainable biofuels and bioproduct production.,https://pubmed.ncbi.nlm.nih.gov/42070768/,PubMed
2026 May 2,Joint association of physical activity and tea consumption with all-cause and cause-specific mortality: The Rural Chinese Cohort Study.,https://pubmed.ncbi.nlm.nih.gov/42070515/,PubMed
2026 May 5,"Multifunctional Bio-Based Packaging for Perishable Foods: Structural Design, Scalable Fabrication, and Versatile Applications.",https://pubmed.ncbi.nlm.nih.gov/42084113/,PubMed
2026 May 5,Adaptive Structural Reconfiguration in Ether-Incorporated Covalent Organic Frameworks Enables Efficient Iodine Capture.,https://pubmed.ncbi.nlm.nih.gov/42084069/,PubMed
2026 May 5,"Yerba mate tea: a critical review on its phytochemicals, health benefits, safety, and food industry applications.",https://pubmed.ncbi.nlm.nih.gov/42083519/,PubMed
2026 May 4,Nongenetic Factors Associated with Age at Onset and Disease Severity in Spinocerebellar Ataxia Type 3: A Cross-Sectional Cohort Study.,https://pubmed.ncbi.nlm.nih.gov/42083341/,PubMed
2026 May 4,Crashing the tea party: Imagining alternative explanations.,https://pubmed.ncbi.nlm.nih.gov/42080864/,PubMed
2026 May 4,Photocatalytic Transfer Hydrogenation Using Plastic Hydrolysates as Hydrogen Donor.,https://pubmed.ncbi.nlm.nih.gov/42080426/,PubMed
2026 Apr 30,Ginseng Tea Consumption and Liver Cancer Risk: A Prospective Korean Multi-center Cancer Cohort Study.,https://pubmed.ncbi.nlm.nih.gov/42079340/,PubMed
2026 May,"Dietary Polyphenols in Non-Communicable Chronic Diseases: Neuro-Enteric Mechanisms, Multi-Omics Biomarkers and Translational Opportunities.",https://pubmed.ncbi.nlm.nih.gov/42079325/,PubMed
2026,Multiomics analysis reveals the biochemical and genetic bases of Coffea arabica L. fruit color.,https://pubmed.ncbi.nlm.nih.gov/42079007/,PubMed
2026 May,A newly-processed Meicha (Ampelopsis grossedentata) via high-temperature re-roasting and Eurotium cristatum fermentation: Aroma characteristics and chemical basis.,https://pubmed.ncbi.nlm.nih.gov/42078021/,PubMed
2026,Polyphenol-functionalized silver nanoparticles promote differential remineralization and reinforcement of demineralized dentin.,https://pubmed.ncbi.nlm.nih.gov/42090666/,PubMed
2026,"Generation Z involvement, cultural identity, and purchase intention in the homestay context: Evidence from tea-culture homestays.",https://pubmed.ncbi.nlm.nih.gov/42090412/,PubMed
2026 May 6,Aerosol Jet Printed Ag Micropillar Arrays Coupled with PEDOT:PSS for High-Performance Electrochemical Sensing of Niclosamide.,https://pubmed.ncbi.nlm.nih.gov/42090331/,PubMed
2026 May,Three Successive Infusions: Scientific Insights Into a Traditional Green Tea Drinking Custom.,https://pubmed.ncbi.nlm.nih.gov/42089331/,PubMed
2026 May,Valorization of green tea residues through dual carboxymethylation-homogenization treatment for improved dietary fiber functionality.,https://pubmed.ncbi.nlm.nih.gov/42088279/,PubMed
2026 May 5,Kava (Piper methysticum) consumption patterns and conceptualizations: results from an online survey.,https://pubmed.ncbi.nlm.nih.gov/42087159/,PubMed
2026 May 5,Comparable neuroprotection efficacy of raw Pu-erh tea and ripened Pu-erh tea in D-galactose-induced aging mice via gut-brain axis.,https://pubmed.ncbi.nlm.nih.gov/42086581/,PubMed
2026 May 3,CsZAT6/12 response auxin signaling to differentially regulate theanine-dominated nitrogen flow in tea roots (Camellia sinensis).,https://pubmed.ncbi.nlm.nih.gov/42086186/,PubMed
2026 May 3,Valorization of tea processing wastewater into multifunctional chitosan-based films for active food packaging.,https://pubmed.ncbi.nlm.nih.gov/42086131/,PubMed
2026 May 5,"Multifunctional Bio-Based Packaging for Perishable Foods: Structural Design, Scalable Fabrication, and Versatile Applications.",https://pubmed.ncbi.nlm.nih.gov/42084113/,PubMed
2026 May 7,"Effects of L-theanine-caffeine combination on selective attention among adolescents with attention-deficit hyperactivity disorder: a double-blind, placebo-controlled, crossover study.",https://pubmed.ncbi.nlm.nih.gov/42096377/,PubMed
2026 May 7,Rewiring NADH Metabolism Through NQO1-Mediated Redox Cycling for Targeted Follicular Lymphoma Therapy.,https://pubmed.ncbi.nlm.nih.gov/42095505/,PubMed
2026 May,The JA-CsMYC2.1-CsNOMT-sakuranetin module contributes to differential anthracnose resistance in Camellia sinensis.,https://pubmed.ncbi.nlm.nih.gov/42094847/,PubMed
2026 May,Region-specific aroma profiles of dark tea: Differences in key odorants are driven by solid-state fermentation with three Aspergillus cristatus strains.,https://pubmed.ncbi.nlm.nih.gov/42093962/,PubMed
2026 May 5,Unveiling the geographical signature of black tea through UHPLC-quadrupole-Orbitrap Exploris HRMS analysis.,https://pubmed.ncbi.nlm.nih.gov/42093402/,PubMed
2026 May 4,"CaHAT5, an HD-ZIP transcription factor, positively regulates capsaicinoid biosynthesis during pepper fruit development.",https://pubmed.ncbi.nlm.nih.gov/42092700/,PubMed
2026 May 6,An update on drug-induced liver injury-What's new?,https://pubmed.ncbi.nlm.nih.gov/42092331/,PubMed
2026 May-Jun,SCL15 Promotes Seed Longevity Acquisition in Arabidopsis thaliana by Enhancing Antioxidant and Repair Mechanisms During Maturation.,https://pubmed.ncbi.nlm.nih.gov/42092237/,PubMed
2026 May 6,Water lily complete genomes illuminate the innovations of water lilies and early angiosperms.,https://pubmed.ncbi.nlm.nih.gov/42092166/,PubMed
2026 May 7,Translation and cultural adaptation of Rowland universal dementia assessment scale (RUDAS) and European cross-cultural neuropsychological test battery (CNTB) into Italian.,https://pubmed.ncbi.nlm.nih.gov/42091724/,PubMed
2026 May 8,Low-temperature stress modulates pollen tube growth through temperature-dependent multi-level regulatory mechanisms in Camellia sinensis.,https://pubmed.ncbi.nlm.nih.gov/42101682/,PubMed
2026 May 8,Green Antibacterial-Antioxidant Hydrogel for Infected Wound Healing: Tea Polyphenol and Biosynthesized Silver Nanoparticles in a Deacetylated Sphingan WL Matrix.,https://pubmed.ncbi.nlm.nih.gov/42100849/,PubMed
2026 May 5,One-stage vs. two-stage revision for periprosthetic joint infection after total elbow arthroplasty: A systematic review and meta-analysis.,https://pubmed.ncbi.nlm.nih.gov/42100563/,PubMed
2026,Unequal Local Anesthetic Dosing and Surgical Heterogeneity: Considerations for Interpreting the ESPB-TEA Non-Inferiority Trial [Letter].,https://pubmed.ncbi.nlm.nih.gov/42100469/,PubMed
2026 May,CRISPR-act-mediated synchronized activation of CsAlaDC and CsTSI enhances L-theanine biosynthesis in tea plants.,https://pubmed.ncbi.nlm.nih.gov/42099824/,PubMed
2026 May,An endangered wild tea plant resource with unique alkaloid and catechin profiles and potential high-quality tea.,https://pubmed.ncbi.nlm.nih.gov/42099821/,PubMed
2026 May 4,Data-Driven Approaches to Understand the Economic and Environmental Impacts of Fluid Catalytic Cracking Catalyst Performance for Plastic Upcycling.,https://pubmed.ncbi.nlm.nih.gov/42099801/,PubMed
2026 May 7,"CfCEPs positively regulate the pathogenicity of oil tea anthracnose, potential targets for fungicides.",https://pubmed.ncbi.nlm.nih.gov/42098943/,PubMed
2026 May 7,Efficacy and Safety of Melaleuca alternifolia (Tea Tree) Oil for Acne-A Systematic Review and Meta-Analysis.,https://pubmed.ncbi.nlm.nih.gov/42098589/,PubMed
2026 May 7,Keystone microbial taxa in the formation of stale aroma during pile fermentation of ripened Pu-erh tea.,https://pubmed.ncbi.nlm.nih.gov/42098163/,PubMed
2026 May 8,Enhanced oral delivery and bioactivity of EGCG via DNA nanocarriers.,https://pubmed.ncbi.nlm.nih.gov/42103923/,PubMed
2026 May 8,"Liquid-derived, solvent-free vapor-mediated dimensional reconstruction yields a record fill factor in inverted perovskite solar cells.",https://pubmed.ncbi.nlm.nih.gov/42103740/,PubMed
2026 May 8,Global trends in tea and diabetes research: a bibliometric analysis of literature from 2000 to 2024.,https://pubmed.ncbi.nlm.nih.gov/42103717/,PubMed
2026 May 6,Targeted liposomal epigallocatechin delivery for Alzheimer's disease: Effect on amyloid β fibrillation and neutralization of free radicals.,https://pubmed.ncbi.nlm.nih.gov/42103123/,PubMed
2026 May 2,"Analysis of weight-loss compounds in health supplements by ultrasonic extraction, dispersive sorbent cleanup, and liquid chromatography tandem mass spectrometry quantification.",https://pubmed.ncbi.nlm.nih.gov/42102635/,PubMed
2026 May 2,Unraveling the dynamic impact of roasting degree on the evolution of coffee aroma profiles.,https://pubmed.ncbi.nlm.nih.gov/42102456/,PubMed
2026 May 8,Low-temperature stress modulates pollen tube growth through temperature-dependent multi-level regulatory mechanisms in Camellia sinensis.,https://pubmed.ncbi.nlm.nih.gov/42101682/,PubMed
2026 May 8,Green Antibacterial-Antioxidant Hydrogel for Infected Wound Healing: Tea Polyphenol and Biosynthesized Silver Nanoparticles in a Deacetylated Sphingan WL Matrix.,https://pubmed.ncbi.nlm.nih.gov/42100849/,PubMed
2026 May 5,One-stage vs. two-stage revision for periprosthetic joint infection after total elbow arthroplasty: A systematic review and meta-analysis.,https://pubmed.ncbi.nlm.nih.gov/42100563/,PubMed
2026,Unequal Local Anesthetic Dosing and Surgical Heterogeneity: Considerations for Interpreting the ESPB-TEA Non-Inferiority Trial [Letter].,https://pubmed.ncbi.nlm.nih.gov/42100469/,PubMed
2026 May 4,"Characterization of the key odorants in milky aroma small-leaf yellow tea and their dynamic changes during processing based on SAFE-GC-MS/O, OAV, aroma recombination and omission.",https://pubmed.ncbi.nlm.nih.gov/42105560/,PubMed
2026 May 9,Flavor and bioactive compound profiling of sea buckthorn leaf tea: Characterization of key bitter constituents and prediction of their anti-type 2 diabetes activity.,https://pubmed.ncbi.nlm.nih.gov/42105254/,PubMed
2026 May 8,Enhanced oral delivery and bioactivity of EGCG via DNA nanocarriers.,https://pubmed.ncbi.nlm.nih.gov/42103923/,PubMed
2026 May 8,"Liquid-derived, solvent-free vapor-mediated dimensional reconstruction yields a record fill factor in inverted perovskite solar cells.",https://pubmed.ncbi.nlm.nih.gov/42103740/,PubMed
2026 May 8,Global trends in tea and diabetes research: a bibliometric analysis of literature from 2000 to 2024.,https://pubmed.ncbi.nlm.nih.gov/42103717/,PubMed
2026 May 6,Targeted liposomal epigallocatechin delivery for Alzheimer's disease: Effect on amyloid β fibrillation and neutralization of free radicals.,https://pubmed.ncbi.nlm.nih.gov/42103123/,PubMed
2026 May 8,Low-temperature stress modulates pollen tube growth through temperature-dependent multi-level regulatory mechanisms in Camellia sinensis.,https://pubmed.ncbi.nlm.nih.gov/42101682/,PubMed
2026 May 8,Green Antibacterial-Antioxidant Hydrogel for Infected Wound Healing: Tea Polyphenol and Biosynthesized Silver Nanoparticles in a Deacetylated Sphingan WL Matrix.,https://pubmed.ncbi.nlm.nih.gov/42100849/,PubMed
2026 May 5,One-stage vs. two-stage revision for periprosthetic joint infection after total elbow arthroplasty: A systematic review and meta-analysis.,https://pubmed.ncbi.nlm.nih.gov/42100563/,PubMed
2026 May 4,Data-Driven Approaches to Understand the Economic and Environmental Impacts of Fluid Catalytic Cracking Catalyst Performance for Plastic Upcycling.,https://pubmed.ncbi.nlm.nih.gov/42099801/,PubMed
2026 May 11,"Monitoring of Alternaria mycotoxins in tomato paste: method development, validation, and dietary risk assessment in Egypt.",https://pubmed.ncbi.nlm.nih.gov/42112849/,PubMed
2026 May 5,Antimicrobial Efficiency of Essential Oil and Microemulsion of Pectis brevipedunculata (Asteraceae): Evaluation of Bacterial and Fungal Inhibition in Strawberries.,https://pubmed.ncbi.nlm.nih.gov/42110740/,PubMed
2026 May 7,Anti-inflammatory effects of gallic acid on chronic bacterial prostatitis: involving target tissue distribution.,https://pubmed.ncbi.nlm.nih.gov/42108799/,PubMed
2026 May 8,Modulatory Effects of Tea-Derived Bioactives on Oral Microbiota and their Virulence-Reducing Properties.,https://pubmed.ncbi.nlm.nih.gov/42107813/,PubMed
2026 May 4,"Characterization of the key odorants in milky aroma small-leaf yellow tea and their dynamic changes during processing based on SAFE-GC-MS/O, OAV, aroma recombination and omission.",https://pubmed.ncbi.nlm.nih.gov/42105560/,PubMed
2026 May 9,Flavor and bioactive compound profiling of sea buckthorn leaf tea: Characterization of key bitter constituents and prediction of their anti-type 2 diabetes activity.,https://pubmed.ncbi.nlm.nih.gov/42105254/,PubMed
2026 May 8,Enhanced oral delivery and bioactivity of EGCG via DNA nanocarriers.,https://pubmed.ncbi.nlm.nih.gov/42103923/,PubMed
2026 May 8,"Liquid-derived, solvent-free vapor-mediated dimensional reconstruction yields a record fill factor in inverted perovskite solar cells.",https://pubmed.ncbi.nlm.nih.gov/42103740/,PubMed
2026 May 8,Global trends in tea and diabetes research: a bibliometric analysis of literature from 2000 to 2024.,https://pubmed.ncbi.nlm.nih.gov/42103717/,PubMed
2026 May 6,Targeted liposomal epigallocatechin delivery for Alzheimer's disease: Effect on amyloid β fibrillation and neutralization of free radicals.,https://pubmed.ncbi.nlm.nih.gov/42103123/,PubMed
2026,Association between attendance at a behavioral change communication module and dysmenorrhea prevalence among female university students: A propensity score matched comparative study.,https://pubmed.ncbi.nlm.nih.gov/42118763/,PubMed
2026 May 12,High hydrogel SERS platform based on Ag-Au alloy nanoparticles and its application for quantitative determination of methyl parathion and triazophos.,https://pubmed.ncbi.nlm.nih.gov/42118319/,PubMed
2026 May 11,Femoral Version Measurements Vary Significantly Between Commonly Used Methods: Implications for Defining Diagnostic Thresholds.,https://pubmed.ncbi.nlm.nih.gov/42116605/,PubMed
2026 May 11,Influence of saponin extracts on enteric methane emission and rumen fermentation: a meta-analysis of in vitro experiments.,https://pubmed.ncbi.nlm.nih.gov/42116036/,PubMed
2026 May 11,Effect of staining beverages on color stability and surface roughness of additively manufactured permanent resin materials.,https://pubmed.ncbi.nlm.nih.gov/42116032/,PubMed
2026 May 11,"Monitoring of Alternaria mycotoxins in tomato paste: method development, validation, and dietary risk assessment in Egypt.",https://pubmed.ncbi.nlm.nih.gov/42112849/,PubMed
2026 May 5,Antimicrobial Efficiency of Essential Oil and Microemulsion of Pectis brevipedunculata (Asteraceae): Evaluation of Bacterial and Fungal Inhibition in Strawberries.,https://pubmed.ncbi.nlm.nih.gov/42110740/,PubMed
2026 May 7,Anti-inflammatory effects of gallic acid on chronic bacterial prostatitis: involving target tissue distribution.,https://pubmed.ncbi.nlm.nih.gov/42108799/,PubMed
2026 May 8,Modulatory Effects of Tea-Derived Bioactives on Oral Microbiota and their Virulence-Reducing Properties.,https://pubmed.ncbi.nlm.nih.gov/42107813/,PubMed
2026 May 9,Flavor and bioactive compound profiling of sea buckthorn leaf tea: Characterization of key bitter constituents and prediction of their anti-type 2 diabetes activity.,https://pubmed.ncbi.nlm.nih.gov/42105254/,PubMed
2026 May 13,Surface-Dominated and Tunable 2D MOF-Based Nanozyme Array for Smartphone-Integrated Intelligent Discrimination of Multiple Antioxidants.,https://pubmed.ncbi.nlm.nih.gov/42127280/,PubMed
2026 May 13,"Camel milk in the horn of Africa: production systems, physicochemical, and nutritional quality, traditional utilization, safety, and market value chain dynamics.",https://pubmed.ncbi.nlm.nih.gov/42126788/,PubMed
2026 May 13,Vein-Specific Overexpression of Galactinol Synthase Gene Improves Salinity Tolerance in Poplar.,https://pubmed.ncbi.nlm.nih.gov/42125959/,PubMed
2026 May 5,Tea-residue-derived carbon nanomaterials for adsorption-degradation coupling: mechanistic insights into pollutant removal and sustainability challenges.,https://pubmed.ncbi.nlm.nih.gov/42124793/,PubMed
2026 May 6,Four New Flavan-3-ol Derivatives with Potent α-Glucosidase Inhibitory Activity from Black Tea Produced from Camellia taliensis.,https://pubmed.ncbi.nlm.nih.gov/42121552/,PubMed
2026 May 13,Aluminum and iron interactions in commelina communis: additive chloroplast toxicity versus synergistic internal and rhizosphere detoxification.,https://pubmed.ncbi.nlm.nih.gov/42120778/,PubMed
2026 May 11,Biochar derived from tea processing waste residue improves the performance of tea seedlings growing in aluminium (Al(3+)) enriched soil: A comprehensive analysis of stress responses and metabolic flux.,https://pubmed.ncbi.nlm.nih.gov/42119738/,PubMed
2026 May 8,"Theaflavins as characteristic polyphenols formed during black tea fermentation: Formation chemistry, functional properties, and future food applications.",https://pubmed.ncbi.nlm.nih.gov/42119425/,PubMed
2026,Association between attendance at a behavioral change communication module and dysmenorrhea prevalence among female university students: A propensity score matched comparative study.,https://pubmed.ncbi.nlm.nih.gov/42118763/,PubMed
2026 May 12,High hydrogel SERS platform based on Ag-Au alloy nanoparticles and its application for quantitative determination of methyl parathion and triazophos.,https://pubmed.ncbi.nlm.nih.gov/42118319/,PubMed
2026 May 14,Hypouricemic and renal protective effects of the Chinese functional tea Ligustrum robustum on hyperuricemic mice.,https://pubmed.ncbi.nlm.nih.gov/42132870/,PubMed
2026 May 13,Nanomaterial-enhanced molecular recognition: a Co(3)O(4)/TiO(2) heterojunction electrochemical sensor for vanillin with experimental and DFT insights.,https://pubmed.ncbi.nlm.nih.gov/42132861/,PubMed
2026 May 14,Crystal Facet Engineering-Photoexcitation-Machine Learning Synergy on Cu(2)O/CuO Heterojunctions for High-Performance Triethylamine Sensing.,https://pubmed.ncbi.nlm.nih.gov/42132550/,PubMed
2026 May 14,Single-Molecule Identification of Tea Polyphenols and Their Interactions with Metal Ions Using an Engineered Nanopore.,https://pubmed.ncbi.nlm.nih.gov/42130345/,PubMed
2026 May 13,Prediction of short‑term drought variation in tea plantations using a LASSO-COX-NOMOGRAM approach.,https://pubmed.ncbi.nlm.nih.gov/42129512/,PubMed
2026 May 13,Prevalence and predictors of natural nootropic supplement use among medical and pharmacy students: a single-institution cross-sectional study.,https://pubmed.ncbi.nlm.nih.gov/42129301/,PubMed
2026 May 13,Tea saponin assisted micellar electrokinetic chromatography for efficient separation of natural phenolic compounds from functional food with multiple greenness evaluations.,https://pubmed.ncbi.nlm.nih.gov/42128937/,PubMed
2026 May 12,Nitrification potential and ammonia-oxidizing archaeal diversity in three contrasting acidic soils of eastern China.,https://pubmed.ncbi.nlm.nih.gov/42128334/,PubMed
2026 May 12,Efficacy and safety of elective primary total elbow arthroplasty in the last 25 years: a systematic review.,https://pubmed.ncbi.nlm.nih.gov/42128287/,PubMed
2026 May 12,Biological valorization of non-food feedstocks: A critical review.,https://pubmed.ncbi.nlm.nih.gov/42128207/,PubMed
2026,A curated dataset and lightweight deep learning framework for tea leaf disease classification.,https://pubmed.ncbi.nlm.nih.gov/42139322/,PubMed
2026,Study on the effect of Portulaca oleracea L. extract on chronic ulcerative colitis in rats induced by allogeneic antigen and acetic acid.,https://pubmed.ncbi.nlm.nih.gov/42138836/,PubMed
2026 May 14,"Performance Evaluation of Automated Urit 5160 Haematology Analyser at the Bamenda Regional Hospital, Cameroon.",https://pubmed.ncbi.nlm.nih.gov/42136119/,PubMed
2026 May 14,Integrated metabolomic and transcriptomic analyses provide new perspectives into the discoloration of hawk tea tender leaves.,https://pubmed.ncbi.nlm.nih.gov/42135697/,PubMed
2026 May 14,Hypouricemic and renal protective effects of the Chinese functional tea Ligustrum robustum on hyperuricemic mice.,https://pubmed.ncbi.nlm.nih.gov/42132870/,PubMed
2026 May 13,Nanomaterial-enhanced molecular recognition: a Co(3)O(4)/TiO(2) heterojunction electrochemical sensor for vanillin with experimental and DFT insights.,https://pubmed.ncbi.nlm.nih.gov/42132861/,PubMed
2026 May 14,Crystal Facet Engineering-Photoexcitation-Machine Learning Synergy on Cu(2)O/CuO Heterojunctions for High-Performance Triethylamine Sensing.,https://pubmed.ncbi.nlm.nih.gov/42132550/,PubMed
2026 May 14,Single-Molecule Identification of Tea Polyphenols and Their Interactions with Metal Ions Using an Engineered Nanopore.,https://pubmed.ncbi.nlm.nih.gov/42130345/,PubMed
2026 May 13,Prediction of short‑term drought variation in tea plantations using a LASSO-COX-NOMOGRAM approach.,https://pubmed.ncbi.nlm.nih.gov/42129512/,PubMed
2026 May 13,Prevalence and predictors of natural nootropic supplement use among medical and pharmacy students: a single-institution cross-sectional study.,https://pubmed.ncbi.nlm.nih.gov/42129301/,PubMed
2026 May 15,Cyanidin-3-O-galactoside Attenuates Metabolic Dysfunction-associated Steatotic Liver Disease by Modulating the CCL3-FABP4 Axis.,https://pubmed.ncbi.nlm.nih.gov/42141270/,PubMed
2026 May 14,"Multi-target mechanisms of 2',4'-dihydroxy-6'-methoxy-3',5'-dimethylchalcone from Syzygium nervosum DC. flower buds in alleviating obesity and metabolic complications: An integrated study combining network pharmacology and experimental validation.",https://pubmed.ncbi.nlm.nih.gov/42140514/,PubMed
2026 May 9,The overlooked fate of piperazine contaminants containing imino groups in the protocatechuic acid/periodate process: Role of ortho-benzoquinones.,https://pubmed.ncbi.nlm.nih.gov/42140073/,PubMed
2026,A curated dataset and lightweight deep learning framework for tea leaf disease classification.,https://pubmed.ncbi.nlm.nih.gov/42139322/,PubMed
2026,Study on the effect of Portulaca oleracea L. extract on chronic ulcerative colitis in rats induced by allogeneic antigen and acetic acid.,https://pubmed.ncbi.nlm.nih.gov/42138836/,PubMed
2026 May 14,"Performance Evaluation of Automated Urit 5160 Haematology Analyser at the Bamenda Regional Hospital, Cameroon.",https://pubmed.ncbi.nlm.nih.gov/42136119/,PubMed
2026 May 14,Integrated metabolomic and transcriptomic analyses provide new perspectives into the discoloration of hawk tea tender leaves.,https://pubmed.ncbi.nlm.nih.gov/42135697/,PubMed
2026 May 14,Hypouricemic and renal protective effects of the Chinese functional tea Ligustrum robustum on hyperuricemic mice.,https://pubmed.ncbi.nlm.nih.gov/42132870/,PubMed
2026 May 13,Nanomaterial-enhanced molecular recognition: a Co(3)O(4)/TiO(2) heterojunction electrochemical sensor for vanillin with experimental and DFT insights.,https://pubmed.ncbi.nlm.nih.gov/42132861/,PubMed
2026 May 14,Crystal Facet Engineering-Photoexcitation-Machine Learning Synergy on Cu(2)O/CuO Heterojunctions for High-Performance Triethylamine Sensing.,https://pubmed.ncbi.nlm.nih.gov/42132550/,PubMed
2026 May 16,A hyperspectral imaging framework integrating band selection and deep learning for beverage stain classification in forensic analysis.,https://pubmed.ncbi.nlm.nih.gov/42143094/,PubMed
2026 May 15,Injectable silk fibroin methacrylate hydrogels with coordination-coupled cerium-polyphenol nanoassemblies for cartilage repair.,https://pubmed.ncbi.nlm.nih.gov/42142784/,PubMed
2026 May 14,Flexibility-tunable polymeric ionic liquids mediated interface modification of ZIF-67/MWCNTs: triple interfacial mechanisms for selective caffeic acid electrochemical sensing.,https://pubmed.ncbi.nlm.nih.gov/42142456/,PubMed
2026 May 16,Protective effects of L-theanine against bisphenol A-induced oxidative stress and gut microbiota disruption in Wistar rats.,https://pubmed.ncbi.nlm.nih.gov/42142192/,PubMed
2026 May 15,Cyanidin-3-O-galactoside Attenuates Metabolic Dysfunction-associated Steatotic Liver Disease by Modulating the CCL3-FABP4 Axis.,https://pubmed.ncbi.nlm.nih.gov/42141270/,PubMed
2026 May 14,"Multi-target mechanisms of 2',4'-dihydroxy-6'-methoxy-3',5'-dimethylchalcone from Syzygium nervosum DC. flower buds in alleviating obesity and metabolic complications: An integrated study combining network pharmacology and experimental validation.",https://pubmed.ncbi.nlm.nih.gov/42140514/,PubMed
2026,A curated dataset and lightweight deep learning framework for tea leaf disease classification.,https://pubmed.ncbi.nlm.nih.gov/42139322/,PubMed
2026,Study on the effect of Portulaca oleracea L. extract on chronic ulcerative colitis in rats induced by allogeneic antigen and acetic acid.,https://pubmed.ncbi.nlm.nih.gov/42138836/,PubMed
2026 May 14,"Performance Evaluation of Automated Urit 5160 Haematology Analyser at the Bamenda Regional Hospital, Cameroon.",https://pubmed.ncbi.nlm.nih.gov/42136119/,PubMed
2026 May 14,Integrated metabolomic and transcriptomic analyses provide new perspectives into the discoloration of hawk tea tender leaves.,https://pubmed.ncbi.nlm.nih.gov/42135697/,PubMed
2026 May 18,Low-Molecular-Weight Fraction of Ripe Pu-erh Tea Protects against Alcohol-Induced Gastric Injury via Gut Microbiota-Dependent Modulation.,https://pubmed.ncbi.nlm.nih.gov/42150099/,PubMed
2026 Dec,The effect of provenance and species on the chemical composition of Epilobium herbal tea.,https://pubmed.ncbi.nlm.nih.gov/42150045/,PubMed
2026 May 15,Hollow N-doped carbon nanocages anchoring Ni-Ru bimetallic nanoparticles for enhanced peroxidase-like activity.,https://pubmed.ncbi.nlm.nih.gov/42148973/,PubMed
2026 May 18,Inoculation of Bacillus velezensis SD24 enhancing the accumulation of tea catechin secondary metabolites.,https://pubmed.ncbi.nlm.nih.gov/42148582/,PubMed
2026 May 13,Green-synthesized zeolite Y-supported zero-valent iron nanocomposite for enhanced adsorptive reduction of hexavalent chromium from aqueous solutions.,https://pubmed.ncbi.nlm.nih.gov/42148266/,PubMed
2026 May,Processing-Induced Metabolic Reprogramming of Litsea coreana Modulates Its Phytochemical Profile and Bioactivities.,https://pubmed.ncbi.nlm.nih.gov/42145825/,PubMed
2026 May 16,Sodium hyaluronate-based hydrogels with enhanced mechanical properties and anti-oxidant and anti-inflammatory characteristics for wound healing.,https://pubmed.ncbi.nlm.nih.gov/42144152/,PubMed
2026 May 16,A hyperspectral imaging framework integrating band selection and deep learning for beverage stain classification in forensic analysis.,https://pubmed.ncbi.nlm.nih.gov/42143094/,PubMed
2026 May 15,Injectable silk fibroin methacrylate hydrogels with coordination-coupled cerium-polyphenol nanoassemblies for cartilage repair.,https://pubmed.ncbi.nlm.nih.gov/42142784/,PubMed
2026 May 14,Flexibility-tunable polymeric ionic liquids mediated interface modification of ZIF-67/MWCNTs: triple interfacial mechanisms for selective caffeic acid electrochemical sensing.,https://pubmed.ncbi.nlm.nih.gov/42142456/,PubMed
2026 May 19,"Pheromone-based mating disruption of the tea tussock moth, Euproctis pseudoconspersa, in Camellia japonica street trees.",https://pubmed.ncbi.nlm.nih.gov/42155099/,PubMed
2026 May 19,Effect of Green Tea Extract Supplementation on Substrate Utilization: A GRADE-Assessed Systematic Review and Dose-Response Meta Analysis of Randomized Controlled Trials.,https://pubmed.ncbi.nlm.nih.gov/42155001/,PubMed
2026 May 15,Improving RGB image recognition in the YOLO11n algorithm for accurate detection of tea plant diseases.,https://pubmed.ncbi.nlm.nih.gov/42152566/,PubMed
2026 May 18,Evaluation of clinical chemistry using diluted sera in mice and rats.,https://pubmed.ncbi.nlm.nih.gov/42151943/,PubMed
2026 May 19,The impact of caffeine consumption on migraine: a systematic review.,https://pubmed.ncbi.nlm.nih.gov/42151857/,PubMed
2026 May 18,Development of erosion hazard index-based land suitability criteria for sustainable agriculture in the Nilgiris hills of India.,https://pubmed.ncbi.nlm.nih.gov/42151251/,PubMed
2026 May 18,Mechanochemical optimization and scope of triple and multiple Sonogashira couplings of triethynylbenzene for conjugated porous polymer synthesis.,https://pubmed.ncbi.nlm.nih.gov/42151200/,PubMed
2026 May 14,Albumin protein as an effective carrier for the protection of (-)-epigallocatechin-3-gallate and suppression of heme toxicity.,https://pubmed.ncbi.nlm.nih.gov/42150368/,PubMed
2026 May 12,Analyte-templated aggregate remodeling for broad-spectrum visual screening of synthetic cannabinoids.,https://pubmed.ncbi.nlm.nih.gov/42150266/,PubMed
2026 May 18,Low-Molecular-Weight Fraction of Ripe Pu-erh Tea Protects against Alcohol-Induced Gastric Injury via Gut Microbiota-Dependent Modulation.,https://pubmed.ncbi.nlm.nih.gov/42150099/,PubMed
2026,Effect of an herbal supplement on quality of life in participants with insomnia: A randomized placebo controlled cross-over pilot trial.,https://pubmed.ncbi.nlm.nih.gov/42160360/,PubMed
2026 May 20,Effects of phthalimidoperoxycaproic acid (PAP+) associated or not with LED irradiation as a bleaching agent: an in vitro study.,https://pubmed.ncbi.nlm.nih.gov/42159783/,PubMed
2026 May 20,The function of tea plant CsMORF9.3 in chlorophyll biosynthesis and RNA editing.,https://pubmed.ncbi.nlm.nih.gov/42159751/,PubMed
2026 May 20,Machine learning assisted technoeconomic assessment of microalgal biofuel production pathways.,https://pubmed.ncbi.nlm.nih.gov/42159683/,PubMed
2026 May 19,Integrated multi-matrix metabolomics reveals gut microbiota-driven systemic metabolic alterations and therapeutic remodeling by fecal microbiota transplantation in autism spectrum disorder.,https://pubmed.ncbi.nlm.nih.gov/42157185/,PubMed
2026 May 19,Photochemical C-N coupling via adsorption modulation: Selective synthesis of glycine from waste plastic/biomass-derived polyols and nitrate.,https://pubmed.ncbi.nlm.nih.gov/42155928/,PubMed
2026 May 18,Tea tree oil infused Pluronic copolymer/Xanthan scaffolds: Biomarkers profiling and bactericidal impact in simulated wound healing environments.,https://pubmed.ncbi.nlm.nih.gov/42155748/,PubMed
2026 May 19,"Pheromone-based mating disruption of the tea tussock moth, Euproctis pseudoconspersa, in Camellia japonica street trees.",https://pubmed.ncbi.nlm.nih.gov/42155099/,PubMed
2026 May 19,Effect of Green Tea Extract Supplementation on Substrate Utilization: A GRADE-Assessed Systematic Review and Dose-Response Meta Analysis of Randomized Controlled Trials.,https://pubmed.ncbi.nlm.nih.gov/42155001/,PubMed
2026 May 15,Improving RGB image recognition in the YOLO11n algorithm for accurate detection of tea plant diseases.,https://pubmed.ncbi.nlm.nih.gov/42152566/,PubMed
2026 May 21,Effect of Staining and Cleaning Agents on the Colour Stability and Surface Roughness of Clear Aligners.,https://pubmed.ncbi.nlm.nih.gov/42165673/,PubMed
2026 May 21,Identifying patient-centered outcomes in progressive familial intrahepatic cholestasis: Results from IMPACT.,https://pubmed.ncbi.nlm.nih.gov/42165309/,PubMed
2026,Guizhou Green Tea Metabolomics Analysis: Volatile Metabolites Based on HS-GC-IMS and UPLC-Q-TOF-MSMS and Quality Evaluation.,https://pubmed.ncbi.nlm.nih.gov/42164811/,PubMed
2026 May 20,CsDRMH3 in tea plant (Camellia sinensis): functional study on mediating caffeine biosynthesis in relation to bud dormancy status.,https://pubmed.ncbi.nlm.nih.gov/42163107/,PubMed
2026 May 20,Enhancing the antioxidant and phenolic profiles of fermented mulberry leaf (Morus alba L.) tea using symbiotic culture of bacteria and yeast.,https://pubmed.ncbi.nlm.nih.gov/42163047/,PubMed
2026 May 20,Theanine: a phytochemical candidate for neural protection.,https://pubmed.ncbi.nlm.nih.gov/42163019/,PubMed
2026 May 20,Activating Nonenzymatic Hemoglobin for Highly Selective CO(2)-to-Formate Photoreduction in Water through Supramolecular Phenolic Mesocrystal Encapsulation.,https://pubmed.ncbi.nlm.nih.gov/42162569/,PubMed
2026 May 20,A novel factorial design implemented spectrofluorimetric determination of caffeic acid: individual and combined assays with curcumin.,https://pubmed.ncbi.nlm.nih.gov/42162096/,PubMed
2026 May 20,Progress in the treatment of inflammatory diseases with gallic acid and its potential application in gynecological disorders.,https://pubmed.ncbi.nlm.nih.gov/42161058/,PubMed
2026 May 15,Layer-by-layer assembled quinone-amine network on silica as a robust mixed-mode stationary phase for liquid chromatography.,https://pubmed.ncbi.nlm.nih.gov/42161043/,PubMed
2026 May 19,Near-complete phosphorus valorization from sewage sludge: Cost-effective co-production of vivianite and bioavailable detoxified hydrochar via a recyclable citric acid-mediated hydrothermal process.,https://pubmed.ncbi.nlm.nih.gov/42172682/,PubMed
2026 May 18,Phosphate-mediated fluorescence switching in a UiO-66-NH(2)/red carbon dot hybrid for ratiometric and smartphone-assisted visual detection of ethephon.,https://pubmed.ncbi.nlm.nih.gov/42171040/,PubMed
2026 May 19,Cyclic cataluminescence method enabled by a heterogeneous electron allocator for multiple-aldehyde detection in tea.,https://pubmed.ncbi.nlm.nih.gov/42171037/,PubMed
2026 May 21,Glyoxysomal Citrate Synthase Functions in Fluoride Accumulation in Tea Plants by Mediating Citrate Biosynthesis.,https://pubmed.ncbi.nlm.nih.gov/42169425/,PubMed
2026 May 21,Kdf1 missense mutation caused enamel defects by disrupting cell adhesion and Hippo-YAP signaling in dental epithelium.,https://pubmed.ncbi.nlm.nih.gov/42168161/,PubMed
2026 May 20,Biochar amendment enhances the diversity of phagotrophic and phototrophic protists in citrus orchard soils via fungal-mediated pathways.,https://pubmed.ncbi.nlm.nih.gov/42167375/,PubMed
2026 May 21,Effect of Staining and Cleaning Agents on the Colour Stability and Surface Roughness of Clear Aligners.,https://pubmed.ncbi.nlm.nih.gov/42165673/,PubMed
2026 May 21,Identifying patient-centered outcomes in progressive familial intrahepatic cholestasis: Results from IMPACT.,https://pubmed.ncbi.nlm.nih.gov/42165309/,PubMed
2026,Guizhou Green Tea Metabolomics Analysis: Volatile Metabolites Based on HS-GC-IMS and UPLC-Q-TOF-MSMS and Quality Evaluation.,https://pubmed.ncbi.nlm.nih.gov/42164811/,PubMed
2026 May 20,CsDRMH3 in tea plant (Camellia sinensis): functional study on mediating caffeine biosynthesis in relation to bud dormancy status.,https://pubmed.ncbi.nlm.nih.gov/42163107/,PubMed
2026 May 22,"Dietary characteristics associated with hemoglobin and anemia among prospective first-time voluntary blood donors in Accra, Ghana.",https://pubmed.ncbi.nlm.nih.gov/42174738/,PubMed
2026 May 22,Proteolytic enzymes in dentin erosion: roles of matrix metalloproteinases and cathepsins and the effectiveness of synthetic and natural inhibitors-a systematic review.,https://pubmed.ncbi.nlm.nih.gov/42174532/,PubMed
2026 May 22,Genome-wide identification of the MYB gene family and identification of candidate genes that involved in anthocyanin synthesis in cowpea (Vigna unguiculata [L.] Walp).,https://pubmed.ncbi.nlm.nih.gov/42174443/,PubMed
2026 May 21,Carbon capture in breweries using microalgae: Preliminary techno-economic insights for ruminant feed applications.,https://pubmed.ncbi.nlm.nih.gov/42173378/,PubMed
2026 May 21,Genetic dissection of cadmium accumulation in tea plants under nonphytotoxic field conditions.,https://pubmed.ncbi.nlm.nih.gov/42173357/,PubMed
2026 May 21,Fe-modified tea waste biochar enhances short-term soil organic carbon sequestration: Mechanisms and economic benefit.,https://pubmed.ncbi.nlm.nih.gov/42173337/,PubMed
2026 May 22,Fear of humans disrupts trophic interactions that underpin animal-mediated ecosystem functions.,https://pubmed.ncbi.nlm.nih.gov/42173094/,PubMed
2026 May 20,"Research progress on the preparation, structural characterization, biological activity, structure-activity relationship and potential clinical application of polysaccharides in Pu-erh tea.",https://pubmed.ncbi.nlm.nih.gov/42172884/,PubMed
2026 May 21,Molecular mechanisms of aroma quality improvement of Enshi Yulu green tea through yellow light treatment.,https://pubmed.ncbi.nlm.nih.gov/42172764/,PubMed
2026 May 19,"Dynamic changes, flavor contributions, and enzymatic transformation mechanisms of phenolic acids during black tea processing.",https://pubmed.ncbi.nlm.nih.gov/42172754/,PubMed
2026 May 22,Dendrobium huoshanense Leaf Flavonoid Extract Ameliorates Hyperuricemia in Mice.,https://pubmed.ncbi.nlm.nih.gov/42176988/,PubMed
2026 May 23,Efficient progesterone removal from water using molybdenum disulfide nanoparticles.,https://pubmed.ncbi.nlm.nih.gov/42176546/,PubMed
2026 May 19,Simultaneous method validation and surveillance of pyrrolizidine alkaloids and their N-oxides in some medicinal plants and herbal teas using QuEChERS-LC-MS/MS.,https://pubmed.ncbi.nlm.nih.gov/42176517/,PubMed
2026 May 22,Endogenous phenolic-rich mung bean protein: Effects on protein conformation and emulsifying properties and its application in Milk tea beverages.,https://pubmed.ncbi.nlm.nih.gov/42176477/,PubMed
2026 May 23,"Mycotoxins occurrence in dry herbs used for tea preparation: method validation, analysis of bulk samples and dietary risk assessment.",https://pubmed.ncbi.nlm.nih.gov/42176122/,PubMed
2026 May 23,Portable and high-throughput electrochemiluminescence detection of catechol based on self-enhanced Au-Ru@Zn MOF with exogenous/endogenous co-reactant synergy.,https://pubmed.ncbi.nlm.nih.gov/42176066/,PubMed
2026 May 22,"Dietary characteristics associated with hemoglobin and anemia among prospective first-time voluntary blood donors in Accra, Ghana.",https://pubmed.ncbi.nlm.nih.gov/42174738/,PubMed
2026 May 22,Proteolytic enzymes in dentin erosion: roles of matrix metalloproteinases and cathepsins and the effectiveness of synthetic and natural inhibitors-a systematic review.,https://pubmed.ncbi.nlm.nih.gov/42174532/,PubMed
2026 May 22,Genome-wide identification of the MYB gene family and identification of candidate genes that involved in anthocyanin synthesis in cowpea (Vigna unguiculata [L.] Walp).,https://pubmed.ncbi.nlm.nih.gov/42174443/,PubMed
2026 May 21,Carbon capture in breweries using microalgae: Preliminary techno-economic insights for ruminant feed applications.,https://pubmed.ncbi.nlm.nih.gov/42173378/,PubMed
2026 May 25,Green tea polyphenol-iron oxide chitosan nanoparticles modulate gut microbiota and regulate metabolic pathways.,https://pubmed.ncbi.nlm.nih.gov/42184066/,PubMed
2026 May 20,What is the incidence of total elbow arthroplasty after intra-articular versus extra-articular distal humerus open reduction and internal fixation?,https://pubmed.ncbi.nlm.nih.gov/42181913/,PubMed
2026,Multisystem pathology in chronic variable stress: gut-liver-brain axis disruption and the therapeutic promise of magnesium-L-theanine.,https://pubmed.ncbi.nlm.nih.gov/42180808/,PubMed
2026,Distribution characteristics of trace mineral elements in tea garden soils of Guizhou region and their biological accumulation and response to tea quality.,https://pubmed.ncbi.nlm.nih.gov/42180610/,PubMed
2026 May 19,Chitosan Nanoparticles Unlock the Antioxidant Potential of Epigallocatechin Gallate in Pancreatic and Hepatic Cancer Cell Models.,https://pubmed.ncbi.nlm.nih.gov/42179621/,PubMed
2026 May 25,MicroProtein OsPAR1 regulates grain size through OsBCL1-mediated cell expansion control in rice.,https://pubmed.ncbi.nlm.nih.gov/42179279/,PubMed
2026 May 25,The transcription factor CsbHLH60 relieves high-temperature inhibition of chlorophyll degradation in citrus.,https://pubmed.ncbi.nlm.nih.gov/42179214/,PubMed
2026 May 24,Regulatory effects of different proportions of far-red light on key metabolic components in tea plants (Camellia sinensis L.).,https://pubmed.ncbi.nlm.nih.gov/42178647/,PubMed
2026 May 24,Glomus cell heterogeneity underpins distinct carotid body chemoreflex pathways: implications for hypertension.,https://pubmed.ncbi.nlm.nih.gov/42178502/,PubMed
2026 May 25,Lipid clinics worldwide: harmonization and guidance on how to optimally organize and fund. European Atherosclerosis Society consensus statement across 55 countries and more than 500 lipid clinics.,https://pubmed.ncbi.nlm.nih.gov/42178198/,PubMed
2026 May 26,Exploring Consumers' Situational Snacking Behaviors Using a Mobile App: Longitudinal Cohort Study (FOODLOOP) Among Millennials in the Netherlands.,https://pubmed.ncbi.nlm.nih.gov/42189511/,PubMed
2026 May 26,Antimicrobial Potential of Selected Essential Oils and Essential Oil's Active Components Against Food Spoilage Bacteria and Foodborne Pathogens and Antibiofilm Potential Against Multidrug-Resistant Staphylococcus aureus and Pseudomonas aeruginosa.,https://pubmed.ncbi.nlm.nih.gov/42188875/,PubMed
2026,"Landscape determinants of human-elephant conflict in Assam, India: insights from two decades of spatial analysis.",https://pubmed.ncbi.nlm.nih.gov/42186474/,PubMed
2026 May 26,EXPRESS: Evaluation of analytical characteristics of the Vcheck C10 point-of-care chemistry analyzer for feline sera.,https://pubmed.ncbi.nlm.nih.gov/42186367/,PubMed
2026 May 25,Targeted Coacervates Enabled by Polyphenol-Peptide Networks for Therapeutic Delivery.,https://pubmed.ncbi.nlm.nih.gov/42186235/,PubMed
2026 May 26,"ICP-MS-Based Assessment of Heavy Metals in Green Tea Leaves from Gilan: Multi-Element Determination, Health Risk Evaluation, and Monte Carlo Uncertainty Analysis.",https://pubmed.ncbi.nlm.nih.gov/42185617/,PubMed
2026 May 25,"Development and evaluation of a propolis, tea tree oil, and jojoba oil nanoemulgel with enhanced antioxidant, anti-inflammatory, and wound-healing activities.",https://pubmed.ncbi.nlm.nih.gov/42185365/,PubMed
2026 May 21,CsWRKY40-CsRAV1 module integrates auxin and brassinosteroid signaling to cooperatively regulate EGCG biosynthesis in tea plants (Camellia sinensis L.).,https://pubmed.ncbi.nlm.nih.gov/42184617/,PubMed
2026 May 25,Green tea polyphenol-iron oxide chitosan nanoparticles modulate gut microbiota and regulate metabolic pathways.,https://pubmed.ncbi.nlm.nih.gov/42184066/,PubMed
2026 May 20,What is the incidence of total elbow arthroplasty after intra-articular versus extra-articular distal humerus open reduction and internal fixation?,https://pubmed.ncbi.nlm.nih.gov/42181913/,PubMed
2026 May 25,Effects of sustained release of tea polyphenols from a bacterial cellulose-based coating to prolong shelf-life of fresh walnuts.,https://pubmed.ncbi.nlm.nih.gov/42202401/,PubMed
2026 May 27,A Porous FeNi-CNF Nanozyme with Boosted Peroxidase-like Performance: Gallic Acid Determination and Machine Learning-Assisted Identification of Teas.,https://pubmed.ncbi.nlm.nih.gov/42202084/,PubMed
2026 May 21,Effect of Polyphenol Supplementation on Post-Exercise Recovery in Adult Male Soccer Players: A Systematic Review.,https://pubmed.ncbi.nlm.nih.gov/42197097/,PubMed
2026 May 21,"Comparative Analysis of Total Phenols, Total Flavonoids, Antioxidant Capacity, and Xanthine Oxidase Inhibition in Six Types of Tea.",https://pubmed.ncbi.nlm.nih.gov/42196025/,PubMed
2026 May 20,"Near-Infrared Spectroscopy in Food Analysis: Applications, Chemometric Strategies, and Technological Advances.",https://pubmed.ncbi.nlm.nih.gov/42196017/,PubMed
2026 May 20,"Multimodal Sensor Fusion for Non-Destructive Tea Quality Evaluation: Deep Learning-Enabled Methods, Applications, and Challenges.",https://pubmed.ncbi.nlm.nih.gov/42196013/,PubMed
2026 May 26,Contribution to floral structure and palynological features of Turkish Periplocoideae and Asclepiadoideae taxa.,https://pubmed.ncbi.nlm.nih.gov/42192523/,PubMed
2026 May 26,Differential associations of diet with hepatic and muscle insulin resistance: insights from an dietary pattern analysis in the PERSON study.,https://pubmed.ncbi.nlm.nih.gov/42191942/,PubMed
2026 May 26,"Corrigendum to ""Method development for sample preparation and GC-TEA/GC-MS analysis of N-nitrosamines and N-nitrosatable substances in food contact materials and infant products"" [Talanta 308 (2026) 129935].",https://pubmed.ncbi.nlm.nih.gov/42191534/,PubMed
2026 May 25,Evaluation and Analysis of the Efficacy of Four Chinese Herbal Medicines and Formulations in Preventing and Treating Mycoplasma gallisepticum Infection in Chickens.,https://pubmed.ncbi.nlm.nih.gov/42191062/,PubMed
2026 May 28,Structural basis of a CDR3-embedded binding mechanism in a nanobody for sensitivity enhancement toward tenuazonic acid.,https://pubmed.ncbi.nlm.nih.gov/42207200/,PubMed
2026 May 28,Yellow tea extract ameliorates dexamethasone-induced hepatic steatosis by modulating the gut-liver axis and reshaping microbial metabolites: a multi-omics insight.,https://pubmed.ncbi.nlm.nih.gov/42207030/,PubMed
2026 May 28,Tea polyphenols increase nanoplastic release from plastic cups but mitigate potential detrimental effects during simulated tea drinking.,https://pubmed.ncbi.nlm.nih.gov/42206503/,PubMed
2026 May 26,Noble-metal-free π-stacked metal-organic nanosheets featuring unidirectional electron transport channels for highly efficient electrocatalytic CO(2) reduction.,https://pubmed.ncbi.nlm.nih.gov/42205810/,PubMed
2026 May 20,Citric acid-modulated carbon dots derived from black tea waste for multifunctional food packaging: anti-counterfeiting and UV-protective preservation.,https://pubmed.ncbi.nlm.nih.gov/42205274/,PubMed
2026 May 27,Analytical and Workflow Performance of a High-Throughput Chemiluminescent Immunoassay System in a Clinical Laboratory.,https://pubmed.ncbi.nlm.nih.gov/42204881/,PubMed
2026 May 27,Outcomes after contact and distance elbow arthrodesis: a retrospective cohort study.,https://pubmed.ncbi.nlm.nih.gov/42204684/,PubMed
2026 May 28,Enhanced peroxidase-like activity of L-glutamic acid-coated Fe(3)O(4) quantum dots for colorimetric detection of L-cysteine in serum and milk.,https://pubmed.ncbi.nlm.nih.gov/42204080/,PubMed
2026 May 27,"Chitosan-coated nano-green-tea (Nano-GTE) in a tris-soybean lecithin extender improves post-thaw motility, antioxidant status, DNA integrity, and fertility of Ossimi Ram Semen.",https://pubmed.ncbi.nlm.nih.gov/42203824/,PubMed
2026 May 26,Dextran-sodium alginate-modified nano-Fe₃O₄ hydrogel microspheres for pH and magnetic-responsive delivery of 5-fluorouracil.,https://pubmed.ncbi.nlm.nih.gov/42202927/,PubMed
2026 May 29,Dihydromyricetin Ameliorates Myocardial Ischemia-Reperfusion Injury by Modulating CKLF1-Mediated Cardiomyocyte Pyroptosis.,https://pubmed.ncbi.nlm.nih.gov/42212851/,PubMed
2026 May 28,Associations Between Sugar-sweetened Beverage Intake and Metabolic Syndrome among Postmenopausal Black Women with Obesity and a Family History of Breast Cancer.,https://pubmed.ncbi.nlm.nih.gov/42210795/,PubMed
2026 May 28,Pan-genomic and pan-transcriptomic integration unveils evolutionary dynamics and regulatory diversification of the WRKY gene family in Camellia sinensis.,https://pubmed.ncbi.nlm.nih.gov/42210061/,PubMed
2026 May 28,Sustainable waste assessment using waste biomasses in the removal of toxic textile dyes.,https://pubmed.ncbi.nlm.nih.gov/42209607/,PubMed
2026 May 28,Optimizing dehydration ratio and rate during the withering process enhances aroma quality of oolong tea.,https://pubmed.ncbi.nlm.nih.gov/42209518/,PubMed
2026 May 23,"Effects of tea tree oil-based Pickering emulsion treatment on freshness, volatile compounds, and microbial community succession in refrigerated hairtail.",https://pubmed.ncbi.nlm.nih.gov/42208456/,PubMed
2026 May 28,Form dictates function: Component-specific remediation mechanisms of compost in tetracycline-contaminated soil.,https://pubmed.ncbi.nlm.nih.gov/42208252/,PubMed
2026 May 28,A Novel Treatment of Error Awareness for Acquired Apraxia of Speech and Aphasia: Effects of a Single-Case Experimental Design Investigation.,https://pubmed.ncbi.nlm.nih.gov/42207961/,PubMed
2026 May 28,Structural basis of a CDR3-embedded binding mechanism in a nanobody for sensitivity enhancement toward tenuazonic acid.,https://pubmed.ncbi.nlm.nih.gov/42207200/,PubMed
2026 May 28,Yellow tea extract ameliorates dexamethasone-induced hepatic steatosis by modulating the gut-liver axis and reshaping microbial metabolites: a multi-omics insight.,https://pubmed.ncbi.nlm.nih.gov/42207030/,PubMed
2026 May 30,"A century of coffee and tea research in cognitive health and Alzheimer's disease: Structural, thematic, and translational insights (1911-2025).",https://pubmed.ncbi.nlm.nih.gov/42216624/,PubMed
2026 May 29,Ruthenium-Catalyzed [4 + 2] Cycloaddition of Chromanone Dienes Using Triethylamine as an Ethylene Surrogate.,https://pubmed.ncbi.nlm.nih.gov/42215296/,PubMed
2026 May 29,Dihydromyricetin Ameliorates Myocardial Ischemia-Reperfusion Injury by Modulating CKLF1-Mediated Cardiomyocyte Pyroptosis.,https://pubmed.ncbi.nlm.nih.gov/42212851/,PubMed
2026 May 28,Associations Between Sugar-sweetened Beverage Intake and Metabolic Syndrome among Postmenopausal Black Women with Obesity and a Family History of Breast Cancer.,https://pubmed.ncbi.nlm.nih.gov/42210795/,PubMed
2026 May 28,Pan-genomic and pan-transcriptomic integration unveils evolutionary dynamics and regulatory diversification of the WRKY gene family in Camellia sinensis.,https://pubmed.ncbi.nlm.nih.gov/42210061/,PubMed
2026 May 28,Sustainable waste assessment using waste biomasses in the removal of toxic textile dyes.,https://pubmed.ncbi.nlm.nih.gov/42209607/,PubMed
2026 May 28,Optimizing dehydration ratio and rate during the withering process enhances aroma quality of oolong tea.,https://pubmed.ncbi.nlm.nih.gov/42209518/,PubMed
2026 May 23,"Effects of tea tree oil-based Pickering emulsion treatment on freshness, volatile compounds, and microbial community succession in refrigerated hairtail.",https://pubmed.ncbi.nlm.nih.gov/42208456/,PubMed
2026 May 28,Form dictates function: Component-specific remediation mechanisms of compost in tetracycline-contaminated soil.,https://pubmed.ncbi.nlm.nih.gov/42208252/,PubMed
2026 May 28,A Novel Treatment of Error Awareness for Acquired Apraxia of Speech and Aphasia: Effects of a Single-Case Experimental Design Investigation.,https://pubmed.ncbi.nlm.nih.gov/42207961/,PubMed
2026 May 30,"Wastewater-to-biofuels and bioproducts through integrated anaerobic digestion, bioelectrochemical systems, and algal biorefineries: a systematic review of techno-economic and life-cycle evidence.",https://pubmed.ncbi.nlm.nih.gov/42218480/,PubMed
2026 May 29,Simultaneous LC-MS/MS Screening of 222 drugs of abuse in Eight Solid Food Matrices Using a Unified QuEChERS-Based Approach.,https://pubmed.ncbi.nlm.nih.gov/42217766/,PubMed
2026 May 30,An Edible Biohybrid Platform Accomplishes In Situ Fenton-Mediated Enteral Nanoplastics Aging and Excretion.,https://pubmed.ncbi.nlm.nih.gov/42216696/,PubMed
2026 May 30,NIR-II-Trackable LYTACs Phyto-Nanotheranostics for Source-Microenvironment Dual-Track ROS Regulation in Acute Gouty Arthritis.,https://pubmed.ncbi.nlm.nih.gov/42216691/,PubMed
2026 May 30,"A century of coffee and tea research in cognitive health and Alzheimer's disease: Structural, thematic, and translational insights (1911-2025).",https://pubmed.ncbi.nlm.nih.gov/42216624/,PubMed
2026 May 29,Ruthenium-Catalyzed [4 + 2] Cycloaddition of Chromanone Dienes Using Triethylamine as an Ethylene Surrogate.,https://pubmed.ncbi.nlm.nih.gov/42215296/,PubMed
2026 May 29,Dihydromyricetin Ameliorates Myocardial Ischemia-Reperfusion Injury by Modulating CKLF1-Mediated Cardiomyocyte Pyroptosis.,https://pubmed.ncbi.nlm.nih.gov/42212851/,PubMed
2026 May 28,Associations Between Sugar-sweetened Beverage Intake and Metabolic Syndrome among Postmenopausal Black Women with Obesity and a Family History of Breast Cancer.,https://pubmed.ncbi.nlm.nih.gov/42210795/,PubMed
2026 May 28,Pan-genomic and pan-transcriptomic integration unveils evolutionary dynamics and regulatory diversification of the WRKY gene family in Camellia sinensis.,https://pubmed.ncbi.nlm.nih.gov/42210061/,PubMed
2026 May 28,Sustainable waste assessment using waste biomasses in the removal of toxic textile dyes.,https://pubmed.ncbi.nlm.nih.gov/42209607/,PubMed
2026 May 31,A pilot study on implementing a pharmacist-led holistic smoking cessation clinic in a psychiatric hospital.,https://pubmed.ncbi.nlm.nih.gov/42223821/,PubMed
2026 Jun 1,"Sesamol derivatives bearing a quinazolin moiety: synthesis, antifungal efficacy against tea plant pathogens, and mechanistic insights.",https://pubmed.ncbi.nlm.nih.gov/42223756/,PubMed
2026 May 26,"Optimization of Kombucha Fermentation from Green Tea and Pineapple Juice: Chemical, Physicochemical, and Bioactive Profiles for Functional Beverage Development.",https://pubmed.ncbi.nlm.nih.gov/42222793/,PubMed
2026,"Response to ""Unequal Local Anesthetic Dosing and Surgical Heterogeneity: Considerations for Interpreting the ESPB-TEA Non-Inferiority Trial"" [Response to Letter].",https://pubmed.ncbi.nlm.nih.gov/42222645/,PubMed
2026 May 31,CsSPX-PHR/PHL-PHT1 and CsmiR399a-PHO2-PHT1/PHO1 Modules Orchestrate Pi Use Efficiency and Aluminium Tolerance in Tea Plants.,https://pubmed.ncbi.nlm.nih.gov/42219815/,PubMed
2026 May 31,"Elucidating Neonicotinoid Exposure Risks: A Structure-Informed Review of Trends, Hazards, and a Sustainable Development Framework.",https://pubmed.ncbi.nlm.nih.gov/42219722/,PubMed
2026 May 31,Multidimensional Optimization of Small Bowel Capsule Endoscopy With Transcutaneous Electrical Acustimulation: A Randomized Controlled Trial.,https://pubmed.ncbi.nlm.nih.gov/42219667/,PubMed
2026 Jun 1,Dual-functional Green Tea Polyphenol loaded Chitosan Nanoparticles for Eradication of Uropathogenic Biofilm and Induction of Apoptotic Pathways in Prostate Cancer Cells.,https://pubmed.ncbi.nlm.nih.gov/42219444/,PubMed
2026 May 30,"Wastewater-to-biofuels and bioproducts through integrated anaerobic digestion, bioelectrochemical systems, and algal biorefineries: a systematic review of techno-economic and life-cycle evidence.",https://pubmed.ncbi.nlm.nih.gov/42218480/,PubMed
2026 May 29,Simultaneous LC-MS/MS Screening of 222 drugs of abuse in Eight Solid Food Matrices Using a Unified QuEChERS-Based Approach.,https://pubmed.ncbi.nlm.nih.gov/42217766/,PubMed
2026 Jun 2,Effects of green tea use on the metabolic profile of postmenopausal women: systematic review and meta-analysis.,https://pubmed.ncbi.nlm.nih.gov/42228178/,PubMed
2026 Jun,A brief review on herbal extracts and essential oils for the control of Demodex spp. mites.,https://pubmed.ncbi.nlm.nih.gov/42226917/,PubMed
2026 May,Brewing an Interaction: Non-commercial Green Tea-Associated Supratherapeutic Tacrolimus Levels Presenting With Gastrointestinal Symptoms.,https://pubmed.ncbi.nlm.nih.gov/42226872/,PubMed
2026 Jun 2,Impact of Different Pre-Dilution Methods on Routine Blood Test Results: A Study With Sysmex XN-1000.,https://pubmed.ncbi.nlm.nih.gov/42226695/,PubMed
2026 Jun 1,"Prevalence, patterns, and factors associated with early childhood cariogenic diet exposure in Kenya.",https://pubmed.ncbi.nlm.nih.gov/42226273/,PubMed
2026 May 31,Tea and coffee consumption in relation to depression and anxiety symptoms: findings from the multicentric LIPOKAP study.,https://pubmed.ncbi.nlm.nih.gov/42225758/,PubMed
2026 Jun 1,Effects of brewing conditions on the sensory and chemical properties of Turkish black tea and their interrelationships.,https://pubmed.ncbi.nlm.nih.gov/42225716/,PubMed
2026 May 29,Dental Hygiene Students' Knowledge of Holistic Approaches to Oral Health Care.,https://pubmed.ncbi.nlm.nih.gov/42225419/,PubMed
2026 May 29,Mechanistic insights into aroma aging of ripened Pu-erh tea during long-term storage.,https://pubmed.ncbi.nlm.nih.gov/42225041/,PubMed
2026 May 29,"Enantioselective migration, degradation, and metabolism of pyriproxyfen and its metabolites from tea garden to cup.",https://pubmed.ncbi.nlm.nih.gov/42225036/,PubMed
2026 Jun,CsWRKY6-2/CsWRKY12 module regulates gallated catechin biosynthesis in tea plants.,https://pubmed.ncbi.nlm.nih.gov/42235060/,PubMed
2026 Jun 3,Coordination and π-π Stacking-Driven Conjugated Polymer Sensor Array for Polyphenol Fingerprinting and Tea Discrimination.,https://pubmed.ncbi.nlm.nih.gov/42234611/,PubMed
2026 Jun 3,"Coffee, Tea, and Cognitive Function.",https://pubmed.ncbi.nlm.nih.gov/42234455/,PubMed
2026 Jun 3,"Coffee, Tea, and Cognitive Function-Reply.",https://pubmed.ncbi.nlm.nih.gov/42234438/,PubMed
2026 Jun 1,Morrey Award 2025: Cell Count and Differential of Aspirated Fluid in the Diagnosis of Periprosthetic Joint Infection of Total Elbow Arthroplasty.,https://pubmed.ncbi.nlm.nih.gov/42229782/,PubMed
2026 Jun 1,How Does a Prior Olecranon Osteotomy Impact the Outcome of Subsequent Total Elbow Arthroplasty?,https://pubmed.ncbi.nlm.nih.gov/42229779/,PubMed
2026 Jun 1,Structure-guided discovery of quinazoline derivatives as potent FtsZ inhibitors in combating bacterial infections.,https://pubmed.ncbi.nlm.nih.gov/42229716/,PubMed
2026 Jun 1,Guapian tea polysaccharides boost immunity and augment intestinal barrier integrity in cyclophosphamide-induced mice.,https://pubmed.ncbi.nlm.nih.gov/42229643/,PubMed
2026 Jun 1,MS/MS-based molecular networking for exploring the chemical diversity of Chiliadenus montanus (Vahl.) Brullo and Chiliadenus candicans (Delile) Brullo and their anti-ulcer potential via modulation of Nrf2/ICAM-1 in rats.,https://pubmed.ncbi.nlm.nih.gov/42229623/,PubMed
2026 Jun 2,Effects of green tea use on the metabolic profile of postmenopausal women: systematic review and meta-analysis.,https://pubmed.ncbi.nlm.nih.gov/42228178/,PubMed
2026,Analysis of leaf morphology development-related genes and photosynthetic metabolic pathways in the transcriptomes of new leaves of Tea-Oil tree (Camellia oleifera 'changlin53').,https://pubmed.ncbi.nlm.nih.gov/42241415/,PubMed
2026 Jun 3,Chromosome-scale genomes of water lilies provide evolutionary insights into the aquatic adaptation of angiosperms.,https://pubmed.ncbi.nlm.nih.gov/42241280/,PubMed
2026 Jun,Propolis Flavonoids Ameliorate Chronic Osteomyelitis in a Rat Model by Modulating TAZ-Regulated Treg/Th17 Balance.,https://pubmed.ncbi.nlm.nih.gov/42240195/,PubMed
2026 May 28,From technical feasibility to systemic viability: valorising semi-natural grassland biomass in a conservation-driven bioeconomy.,https://pubmed.ncbi.nlm.nih.gov/42239585/,PubMed
2026 Jun 4,The microecological mechanism of Cordyceps chanhua promoting soil nitrogen cycling.,https://pubmed.ncbi.nlm.nih.gov/42237363/,PubMed
2026 Jun 3,Queen cell architecture shapes honey bee queen development.,https://pubmed.ncbi.nlm.nih.gov/42236932/,PubMed
2026 Jun 2,Green synthesis of tea residue-derived cellulose flocculants: High-efficiency performance and mechanistic insights.,https://pubmed.ncbi.nlm.nih.gov/42235763/,PubMed
2026 May 29,Transcriptome and functional analyses reveal key regulators of flowering time in Camellia sinensis.,https://pubmed.ncbi.nlm.nih.gov/42235246/,PubMed
2026 May 28,"Co-fermentation of Ampelopsis grossedentata with Camellia sinensis reduces bitterness, enhances sweet aroma, and generates novel bioactive theaflavin analogues.",https://pubmed.ncbi.nlm.nih.gov/42235235/,PubMed
2026 Jun,CsWRKY6-2/CsWRKY12 module regulates gallated catechin biosynthesis in tea plants.,https://pubmed.ncbi.nlm.nih.gov/42235060/,PubMed
2026 Jun 5,Formation and Characterization of (-)-Epigallocatechin Gallate-Caffeic Acid Adduct and Their Quantitative Changes during the Processing of Green Tea.,https://pubmed.ncbi.nlm.nih.gov/42246632/,PubMed
2026 Jun 5,"Identification, diversity analysis and control of the pathogens causing Ceratocystis wilt of Camphora officinarum in Southern China.",https://pubmed.ncbi.nlm.nih.gov/42246460/,PubMed
2026 Jun,[Experimental teaching design of instrument analysis for undergraduate study： detection of bifenthrin pesticide residues in tea by response surface methodology-optimized QuEChERS combined with gas chromatography-mass spectrometry].,https://pubmed.ncbi.nlm.nih.gov/42246107/,PubMed
2026 Jun,Omics-based insights into endophytic Bacillus subtilis (TN FL 158) for blister blight management in Camellia sinensis.,https://pubmed.ncbi.nlm.nih.gov/42245389/,PubMed
2026 Jun,Engineering host‑defense peptides enhanced by artificial intelligence and nano delivery systems to overcome biofilms and antimicrobial resistance.,https://pubmed.ncbi.nlm.nih.gov/42245225/,PubMed
2026 Jun 4,Ultra-processed food supply in hospitals: A cross-sectional analysis of Australian hospitals using cook fresh foodservices.,https://pubmed.ncbi.nlm.nih.gov/42244227/,PubMed
2026 Jun 4,Tea-derived natural nanodrug simultaneously enables real-time fluorescent tracking and noninvasive treatment of neuroinflammation in Alzheimer's disease.,https://pubmed.ncbi.nlm.nih.gov/42243905/,PubMed
2026 Jun 4,Lifestyle behaviors during exam periods and their association with academic performance among Palestinian medical students: a cross-sectional study.,https://pubmed.ncbi.nlm.nih.gov/42243807/,PubMed
2026 Jun 4,Predictive modeling of pest spread in tea plants using an intelligent computational approach.,https://pubmed.ncbi.nlm.nih.gov/42243236/,PubMed
2026 Jun 4,Green tea catechin EGCG attenuates hippocampal atrophy and cognitive impairment in obesity via autophagy signaling.,https://pubmed.ncbi.nlm.nih.gov/42243131/,PubMed
2026 Jun,TEAD4 Drives SKCM Progression Through COL1A2 Transcriptional Activation and Modulation of AKT/mTOR Signalling and Necroptosis-Related Phenotypes.,https://pubmed.ncbi.nlm.nih.gov/42249693/,PubMed
2026 Jun 5,Sensing Features and Detection Application of the Bishydroxycoumarin-Diaminopropane Conjugate and the Transmetalation Characteristics of Its Zn(II) Complex.,https://pubmed.ncbi.nlm.nih.gov/42249533/,PubMed
2026 Jun 5,Impact of land uses on soil pollution in a part of eastern Indian Terai region.,https://pubmed.ncbi.nlm.nih.gov/42249200/,PubMed
2026 Jun 5,RTD-YOLO: a precise quality detection and grading model for rose tea.,https://pubmed.ncbi.nlm.nih.gov/42248879/,PubMed
2026 Jun 4,Effects of Daily Lycium barbarum Consumption Regimens on Bone and Muscle in Aging Mice.,https://pubmed.ncbi.nlm.nih.gov/42248247/,PubMed
2026 Jun 2,Solid-state luminescence turn-on sensing of triethylamine via confining indicator displacement assays in an engineered covalent organic framework.,https://pubmed.ncbi.nlm.nih.gov/42248006/,PubMed
2026 Jun 5,Formation and Characterization of (-)-Epigallocatechin Gallate-Caffeic Acid Adduct and Their Quantitative Changes during the Processing of Green Tea.,https://pubmed.ncbi.nlm.nih.gov/42246632/,PubMed
2026 Jun 5,"Identification, diversity analysis and control of the pathogens causing Ceratocystis wilt of Camphora officinarum in Southern China.",https://pubmed.ncbi.nlm.nih.gov/42246460/,PubMed
2026 Jun,[Experimental teaching design of instrument analysis for undergraduate study： detection of bifenthrin pesticide residues in tea by response surface methodology-optimized QuEChERS combined with gas chromatography-mass spectrometry].,https://pubmed.ncbi.nlm.nih.gov/42246107/,PubMed
2026 Jun,Omics-based insights into endophytic Bacillus subtilis (TN FL 158) for blister blight management in Camellia sinensis.,https://pubmed.ncbi.nlm.nih.gov/42245389/,PubMed
2026 Jun 6,Research on target recognition method for machine-plucked fresh tea leaves based on improved YOLOv11.,https://pubmed.ncbi.nlm.nih.gov/42251186/,PubMed
2026 Jun 5,Survival and Recurrence of Infection After Revision of Infected Total Elbow Arthroplasty: A French Multicenter Study (2013-2023) of 137 infected Total Elbow Arthroplasties.,https://pubmed.ncbi.nlm.nih.gov/42250641/,PubMed
2026 Jun 4,Environmental factors drive rutin accumulation through a synergistic network promoting flavonoid biosynthesis and suppressing hydrolysis in tea plants (Camellia sinensis).,https://pubmed.ncbi.nlm.nih.gov/42250554/,PubMed
2026 Jun 1,Integrated metabolomics reveals lipid metabolites as critical regulators for compost tea-mediated metabolic regulation and quality improvement in tomatoes.,https://pubmed.ncbi.nlm.nih.gov/42250544/,PubMed
2026 Jun,TEAD4 Drives SKCM Progression Through COL1A2 Transcriptional Activation and Modulation of AKT/mTOR Signalling and Necroptosis-Related Phenotypes.,https://pubmed.ncbi.nlm.nih.gov/42249693/,PubMed
2026 Jun 5,Sensing Features and Detection Application of the Bishydroxycoumarin-Diaminopropane Conjugate and the Transmetalation Characteristics of Its Zn(II) Complex.,https://pubmed.ncbi.nlm.nih.gov/42249533/,PubMed
2026 Jun 5,Impact of land uses on soil pollution in a part of eastern Indian Terai region.,https://pubmed.ncbi.nlm.nih.gov/42249200/,PubMed
2026 Jun 5,RTD-YOLO: a precise quality detection and grading model for rose tea.,https://pubmed.ncbi.nlm.nih.gov/42248879/,PubMed
2026 Jun 4,Effects of Daily Lycium barbarum Consumption Regimens on Bone and Muscle in Aging Mice.,https://pubmed.ncbi.nlm.nih.gov/42248247/,PubMed
2026 Jun 2,Solid-state luminescence turn-on sensing of triethylamine via confining indicator displacement assays in an engineered covalent organic framework.,https://pubmed.ncbi.nlm.nih.gov/42248006/,PubMed
2026 Jun 8,"Development and initial validation of the nursing practices, perceptions and barriers questionnaire for childhood obesity: A cross-sectional observational study.",https://pubmed.ncbi.nlm.nih.gov/42258969/,PubMed
2026 Jun 6,Hydrophobic deep eutectic solvent-functionalized luffa as biosorbent in a thin film microextraction system (Luffa-HDES-TFME): A novel low-cost method for PAHs analysis in lake water and tea infusion samples.,https://pubmed.ncbi.nlm.nih.gov/42258922/,PubMed
2026 Jun 8,Pilot Study of Gallic Acid Cream as a Potential Treatment for Plaque Psoriasis.,https://pubmed.ncbi.nlm.nih.gov/42257840/,PubMed
2026 Jun,"Mechanistic Insights Into Color and Texture Stability of Frozen Tropical Vegetables: Processing, Modeling, and Preservation Strategies.",https://pubmed.ncbi.nlm.nih.gov/42255710/,PubMed
2026 Jun,Design and Experimental Analysis of a Multi-Scale Fresh Tea Leaf Rotary Drum Screen Based on the DEM-RSM Method.,https://pubmed.ncbi.nlm.nih.gov/42255686/,PubMed
2026 Jun 2,"Mechanical, Viscoelastic, and Fracture Characteristics of Tea Waste and Boron Nitride Nanoplatelet-Reinforced Epoxy Composites.",https://pubmed.ncbi.nlm.nih.gov/42255569/,PubMed
2026 Jun 2,Machine Learning-Driven Techno-Economic Uncertainty Analysis in Batch Pharmaceutical Manufacturing.,https://pubmed.ncbi.nlm.nih.gov/42255534/,PubMed
2026,"The complete chloroplast genome sequence of Camellia yangii D.Wei Zhao (Theaceae), a rare tea plant germplasm.",https://pubmed.ncbi.nlm.nih.gov/42254681/,PubMed
2026 Jun,The Role of Herbal Medicine in the Management of Oral Conditions: A Comprehensive Review.,https://pubmed.ncbi.nlm.nih.gov/42253829/,PubMed
2026 Jun 8,CsSUMO2 Enhances Drought Tolerance through Nuclear Interaction with the E2 Enzyme CsSCE1 in Camellia sinensis.,https://pubmed.ncbi.nlm.nih.gov/42252960/,PubMed
2026 Jun 9,Engineering Silk Fibroin-Based Biomaterials for Neural Repair.,https://pubmed.ncbi.nlm.nih.gov/42261626/,PubMed
2026 Jun 8,Green nanomedicine for cancer therapy.,https://pubmed.ncbi.nlm.nih.gov/42260763/,PubMed
2026 Jun 8,"Development and initial validation of the nursing practices, perceptions and barriers questionnaire for childhood obesity: A cross-sectional observational study.",https://pubmed.ncbi.nlm.nih.gov/42258969/,PubMed
2026 Jun 6,Hydrophobic deep eutectic solvent-functionalized luffa as biosorbent in a thin film microextraction system (Luffa-HDES-TFME): A novel low-cost method for PAHs analysis in lake water and tea infusion samples.,https://pubmed.ncbi.nlm.nih.gov/42258922/,PubMed
2026 Jun 8,Pilot Study of Gallic Acid Cream as a Potential Treatment for Plaque Psoriasis.,https://pubmed.ncbi.nlm.nih.gov/42257840/,PubMed
2026 Jun,Design and Experimental Analysis of a Multi-Scale Fresh Tea Leaf Rotary Drum Screen Based on the DEM-RSM Method.,https://pubmed.ncbi.nlm.nih.gov/42255686/,PubMed
2026 Jun 2,"Mechanical, Viscoelastic, and Fracture Characteristics of Tea Waste and Boron Nitride Nanoplatelet-Reinforced Epoxy Composites.",https://pubmed.ncbi.nlm.nih.gov/42255569/,PubMed
2026 Jun 2,Machine Learning-Driven Techno-Economic Uncertainty Analysis in Batch Pharmaceutical Manufacturing.,https://pubmed.ncbi.nlm.nih.gov/42255534/,PubMed
2026,"The complete chloroplast genome sequence of Camellia yangii D.Wei Zhao (Theaceae), a rare tea plant germplasm.",https://pubmed.ncbi.nlm.nih.gov/42254681/,PubMed
2026 Jun 8,CsSUMO2 Enhances Drought Tolerance through Nuclear Interaction with the E2 Enzyme CsSCE1 in Camellia sinensis.,https://pubmed.ncbi.nlm.nih.gov/42252960/,PubMed
2026 Jun 10,Impact of repressing and thermomechanical fatigue on color stability and translucency of IPS Emax and Celtra press: an in vitro study.,https://pubmed.ncbi.nlm.nih.gov/42268468/,PubMed
2026 Jun 10,Hemoscreen Point-of-Care Analyzer Compared With Sysmex XN-1000 for Complete Blood Count in Pediatric Inpatients Aged 2 Months to 17 Years.,https://pubmed.ncbi.nlm.nih.gov/42267648/,PubMed
2026 Jun 10,A Collagen Pickering Emulsion-Coated Mycelium Film with Hydro-Responsive Toughness and Adhesion for Psoriasis Treatment via Tea Tree Oil Release.,https://pubmed.ncbi.nlm.nih.gov/42267595/,PubMed
2026 Dec,From nonlinear neuronal dynamics to AI-optimized VLSI hardware: multiplier-free FPGA implementation of memristive FN-HR coupled neural networks for intelligent systems.,https://pubmed.ncbi.nlm.nih.gov/42266200/,PubMed
2026 Jun 9,Tea polyphenol-soy lecithin-beeswax composite oleogelator for soybean oil oleogel: multiscale structural characterization and performance validation in bakery matrices.,https://pubmed.ncbi.nlm.nih.gov/42266030/,PubMed
2026 Jun 9,Mitragynine and 7-hydroxymitragyine plasma pharmacokinetics in humans after single and 15 multiple oral kratom extract doses.,https://pubmed.ncbi.nlm.nih.gov/42266029/,PubMed
2026 Jun 9,Secondary metabolites associated with exosome-like nanovesicles from green tea (Camellia sinensis) infusion and the origin of these nanovesicles.,https://pubmed.ncbi.nlm.nih.gov/42264457/,PubMed
2026 Jun 9,Matrine ameliorated myocardial ischemia-reperfusion injury through lipid accumulation reduction by activating JAK2-STAT3-CPT1 signaling pathway.,https://pubmed.ncbi.nlm.nih.gov/42263955/,PubMed
2026 Jun 9,Self-assembled nanoparticles of epigallocatechin gallate and tannic acid nanoparticles against triple-negative breast cancer via mediating mitochondrial damage.,https://pubmed.ncbi.nlm.nih.gov/42263713/,PubMed
2026 Jun 9,Engineering Silk Fibroin-Based Biomaterials for Neural Repair.,https://pubmed.ncbi.nlm.nih.gov/42261626/,PubMed
2026 Jun 11,Precision Engineering of a Loop-Exchanged Variant of Sucrose Phosphorylase from Streptococcus mutans Enables Regioselective 4″-O-Glucosylation of Epigallocatechin Gallate.,https://pubmed.ncbi.nlm.nih.gov/42275642/,PubMed
2026,An assessment of the khat and vegetable trade in the local economic ecosystem: The case of northern Madagascar.,https://pubmed.ncbi.nlm.nih.gov/42275437/,PubMed
2026,A machine learning algorithm to explore the impact of agricultural land-use types on CO2 emissions in Vietnam in the period 1990-2019.,https://pubmed.ncbi.nlm.nih.gov/42275367/,PubMed
2026 Jun 11,Acute non-alcoholic caffeinated beverage consumption as a trigger for cryptogenic ischemic stroke in the young: findings from the SECRETO study.,https://pubmed.ncbi.nlm.nih.gov/42274784/,PubMed
2026 Jun 11,Plant growth-promoting rhizobacteria: key role players for sustainable agriculture in heavy metal-polluted environments.,https://pubmed.ncbi.nlm.nih.gov/42274270/,PubMed
2026 Jun 10,Atroposelective Dearomative Cross-Coupling of Benzofuran Derivatives by Z-Selective Functionalization of the Vinyl C─O Bond.,https://pubmed.ncbi.nlm.nih.gov/42272178/,PubMed
2026 Jun 10,Impact of repressing and thermomechanical fatigue on color stability and translucency of IPS Emax and Celtra press: an in vitro study.,https://pubmed.ncbi.nlm.nih.gov/42268468/,PubMed
2026 Jun 10,Hemoscreen Point-of-Care Analyzer Compared With Sysmex XN-1000 for Complete Blood Count in Pediatric Inpatients Aged 2 Months to 17 Years.,https://pubmed.ncbi.nlm.nih.gov/42267648/,PubMed
2026 Jun 10,A Collagen Pickering Emulsion-Coated Mycelium Film with Hydro-Responsive Toughness and Adhesion for Psoriasis Treatment via Tea Tree Oil Release.,https://pubmed.ncbi.nlm.nih.gov/42267595/,PubMed
2026 Dec,From nonlinear neuronal dynamics to AI-optimized VLSI hardware: multiplier-free FPGA implementation of memristive FN-HR coupled neural networks for intelligent systems.,https://pubmed.ncbi.nlm.nih.gov/42266200/,PubMed
2026 Jun 9,Natural Products in Breast Cancer: Mechanistic insights & translational potential for Treatment and Prevention.,https://pubmed.ncbi.nlm.nih.gov/42283186/,PubMed
2026 Jun,Caffeine Consumption Pattern and Associated Side Effects and Withdrawal Syndromes Among University Students of Bangladesh.,https://pubmed.ncbi.nlm.nih.gov/42281583/,PubMed
2026 Jun 5,Decoding the Modulation of Temperature During Withering on the Flavor Quality and Appearance of Taiping Kuihong Black Tea.,https://pubmed.ncbi.nlm.nih.gov/42279815/,PubMed
2026 Jun 11,TEAD1 condensates are transcriptionally inactive storage sites on the pericentromeric heterochromatin in cancer cells.,https://pubmed.ncbi.nlm.nih.gov/42277434/,PubMed
2026 Jun 11,"EGCG Protects Mouse Oocytes from Malathion-Induced Damage by Preserving Mitochondrial Function, Genomic Integrity, and Fertilization Competence.",https://pubmed.ncbi.nlm.nih.gov/42276525/,PubMed
2026 Jun 11,Precision Engineering of a Loop-Exchanged Variant of Sucrose Phosphorylase from Streptococcus mutans Enables Regioselective 4″-O-Glucosylation of Epigallocatechin Gallate.,https://pubmed.ncbi.nlm.nih.gov/42275642/,PubMed
2026,An assessment of the khat and vegetable trade in the local economic ecosystem: The case of northern Madagascar.,https://pubmed.ncbi.nlm.nih.gov/42275437/,PubMed
2026,A machine learning algorithm to explore the impact of agricultural land-use types on CO2 emissions in Vietnam in the period 1990-2019.,https://pubmed.ncbi.nlm.nih.gov/42275367/,PubMed
2026 Jun 11,Acute non-alcoholic caffeinated beverage consumption as a trigger for cryptogenic ischemic stroke in the young: findings from the SECRETO study.,https://pubmed.ncbi.nlm.nih.gov/42274784/,PubMed
2026 Jun 11,Plant growth-promoting rhizobacteria: key role players for sustainable agriculture in heavy metal-polluted environments.,https://pubmed.ncbi.nlm.nih.gov/42274270/,PubMed
2026 Jun 12,"Theaflavin-3,3'-digallate improves porcine oocyte maturation and independently enhances embryo development in vitro via modulating redox homeostasis and lipid-associated metabolism.",https://pubmed.ncbi.nlm.nih.gov/42284915/,PubMed
2026 Jun 10,Effect of green tea kombucha fermentation on phenolic content and antioxidant activity in Vero cells.,https://pubmed.ncbi.nlm.nih.gov/42284908/,PubMed
2026 Jun 9,Natural Products in Breast Cancer: Mechanistic insights & translational potential for Treatment and Prevention.,https://pubmed.ncbi.nlm.nih.gov/42283186/,PubMed
2026 Jun,Caffeine Consumption Pattern and Associated Side Effects and Withdrawal Syndromes Among University Students of Bangladesh.,https://pubmed.ncbi.nlm.nih.gov/42281583/,PubMed
2026 Jun 11,TEAD1 condensates are transcriptionally inactive storage sites on the pericentromeric heterochromatin in cancer cells.,https://pubmed.ncbi.nlm.nih.gov/42277434/,PubMed
2026 Jun 11,"EGCG Protects Mouse Oocytes from Malathion-Induced Damage by Preserving Mitochondrial Function, Genomic Integrity, and Fertilization Competence.",https://pubmed.ncbi.nlm.nih.gov/42276525/,PubMed
2026 Jun 11,Precision Engineering of a Loop-Exchanged Variant of Sucrose Phosphorylase from Streptococcus mutans Enables Regioselective 4″-O-Glucosylation of Epigallocatechin Gallate.,https://pubmed.ncbi.nlm.nih.gov/42275642/,PubMed
2026,An assessment of the khat and vegetable trade in the local economic ecosystem: The case of northern Madagascar.,https://pubmed.ncbi.nlm.nih.gov/42275437/,PubMed
2026,A machine learning algorithm to explore the impact of agricultural land-use types on CO2 emissions in Vietnam in the period 1990-2019.,https://pubmed.ncbi.nlm.nih.gov/42275367/,PubMed
2026 Jun 11,Acute non-alcoholic caffeinated beverage consumption as a trigger for cryptogenic ischemic stroke in the young: findings from the SECRETO study.,https://pubmed.ncbi.nlm.nih.gov/42274784/,PubMed
2026 Jun 12,"Theaflavin-3,3'-digallate improves porcine oocyte maturation and independently enhances embryo development in vitro via modulating redox homeostasis and lipid-associated metabolism.",https://pubmed.ncbi.nlm.nih.gov/42284915/,PubMed
2026 Jun 10,Effect of green tea kombucha fermentation on phenolic content and antioxidant activity in Vero cells.,https://pubmed.ncbi.nlm.nih.gov/42284908/,PubMed
2026 Jun 9,Natural Products in Breast Cancer: Mechanistic insights & translational potential for Treatment and Prevention.,https://pubmed.ncbi.nlm.nih.gov/42283186/,PubMed
2026 Jun,Caffeine Consumption Pattern and Associated Side Effects and Withdrawal Syndromes Among University Students of Bangladesh.,https://pubmed.ncbi.nlm.nih.gov/42281583/,PubMed
2026 Jun 11,TEAD1 condensates are transcriptionally inactive storage sites on the pericentromeric heterochromatin in cancer cells.,https://pubmed.ncbi.nlm.nih.gov/42277434/,PubMed
2026 Jun 11,"EGCG Protects Mouse Oocytes from Malathion-Induced Damage by Preserving Mitochondrial Function, Genomic Integrity, and Fertilization Competence.",https://pubmed.ncbi.nlm.nih.gov/42276525/,PubMed
2026 Jun 11,Precision Engineering of a Loop-Exchanged Variant of Sucrose Phosphorylase from Streptococcus mutans Enables Regioselective 4″-O-Glucosylation of Epigallocatechin Gallate.,https://pubmed.ncbi.nlm.nih.gov/42275642/,PubMed
2026,An assessment of the khat and vegetable trade in the local economic ecosystem: The case of northern Madagascar.,https://pubmed.ncbi.nlm.nih.gov/42275437/,PubMed
2026,A machine learning algorithm to explore the impact of agricultural land-use types on CO2 emissions in Vietnam in the period 1990-2019.,https://pubmed.ncbi.nlm.nih.gov/42275367/,PubMed
2026 Jun 11,Acute non-alcoholic caffeinated beverage consumption as a trigger for cryptogenic ischemic stroke in the young: findings from the SECRETO study.,https://pubmed.ncbi.nlm.nih.gov/42274784/,PubMed
2026 Jun 15,Epigallocatechin-3-gallate (EGCG) as a molecular chaperone and network rebalancer in neurodegenerative diseases.,https://pubmed.ncbi.nlm.nih.gov/42295682/,PubMed
2026 Jun 9,Dual Functionality of Biobased Bacterial Nanocellulose as Polymer Additive for Drilling Operations and Post-Drilling Filter Cake Removal.,https://pubmed.ncbi.nlm.nih.gov/42294228/,PubMed
2026 Jun 9,Evaluating CO(2) Capture in Aqueous Amine Solution by Using a New Microbubble System.,https://pubmed.ncbi.nlm.nih.gov/42294155/,PubMed
2026 Jun,Production of Instant Linden Tea (Tilia spp.) Powder: Integrating Compound-Level Infusion Kinetics With Response Surface-Optimized Spray Drying.,https://pubmed.ncbi.nlm.nih.gov/42294073/,PubMed
2026 Sep,Protective effects of three natural extracts on ovalbumin-induced intestinal and skin damage in felines via the gut-skin axis: An in vitro study.,https://pubmed.ncbi.nlm.nih.gov/42292698/,PubMed
2026 Jun 14,Qualitative and Quantitative Characterization of Isodon rubescens and Its Pharmaceutical Preparations Using NMR and UHPLC-QTOF-MS.,https://pubmed.ncbi.nlm.nih.gov/42289892/,PubMed
2026 Jun 14,Genome-Wide Analysis of the CsGIF Gene Family and Functional Identification of CsGIF1 and CsGIF5 in Leaf Development of Tea Plant (Camellia sinensis L.).,https://pubmed.ncbi.nlm.nih.gov/42289226/,PubMed
2026 Jun 13,Deep learning model for real time moisture content detection and prediction in white tea withering using near infrared spectroscopy.,https://pubmed.ncbi.nlm.nih.gov/42288587/,PubMed
2026 Jun 13,A graph-integrated reinforcement learning framework with graph neural networks for tactical decision modeling in professional football.,https://pubmed.ncbi.nlm.nih.gov/42288538/,PubMed
2026 Jun 13,Comprehensive multi-omics analysis of Mengding bud yellow tea in the intangible cultural heritage: insights into taste formation.,https://pubmed.ncbi.nlm.nih.gov/42288510/,PubMed
2026 Jun 16,Optimized Extraction Process of Fu Brick Tea Polysaccharides Using Ultrasound-Assisted Enzymatic Strategy and Their Enhanced Antioxidant and Immunoprotective Activities.,https://pubmed.ncbi.nlm.nih.gov/42301720/,PubMed
2026 Jun 10,Selenium-enriched Tibetan kefir grain-fermented goji juice attenuates patulin-induced liver injury and is associated with gut microbiota modulation in mice.,https://pubmed.ncbi.nlm.nih.gov/42300518/,PubMed
2026 Jun 10,Comparative insights into pristine and mixed oxides of cerium and manganese as polyphenol oxidase mimics.,https://pubmed.ncbi.nlm.nih.gov/42300491/,PubMed
2026 Jun 15,The nutrigenomic-epigenetic axis in cancer: from dietary bioactives to precision oncology.,https://pubmed.ncbi.nlm.nih.gov/42298579/,PubMed
2026 Jun 16,Assembly and phylogenetic analysis of the mitochondrial genome of the Cyclocarya paliurus.,https://pubmed.ncbi.nlm.nih.gov/42298248/,PubMed
2026 Jun 15,Biosynthesis of ecofriendly antibacterial nanoparticles with healing effects in a murine diabetic skin infection model.,https://pubmed.ncbi.nlm.nih.gov/42297939/,PubMed
2026 Jun 15,Genome-wide identification and expression profiling analysis of receptor-like cytoplasmic kinase family gene in Pyrus bretschneideri reveals the role of PbrRLCK99 in black spot resistance.,https://pubmed.ncbi.nlm.nih.gov/42297305/,PubMed
2026 Jun 15,Epigallocatechin-3-gallate (EGCG) as a molecular chaperone and network rebalancer in neurodegenerative diseases.,https://pubmed.ncbi.nlm.nih.gov/42295682/,PubMed
2026 Jun 9,Dual Functionality of Biobased Bacterial Nanocellulose as Polymer Additive for Drilling Operations and Post-Drilling Filter Cake Removal.,https://pubmed.ncbi.nlm.nih.gov/42294228/,PubMed
2026 Jun 9,Evaluating CO(2) Capture in Aqueous Amine Solution by Using a New Microbubble System.,https://pubmed.ncbi.nlm.nih.gov/42294155/,PubMed
2026 Jun 17,Ionotropic receptor co-receptors drive host-seeking behavior in the white-backed planthopper (Hemiptera: Delphacidae).,https://pubmed.ncbi.nlm.nih.gov/42308516/,PubMed
2026 Jun 17,"Fluoxastrobin Targets NAD[P]H:quinone oxidoreductase to Disrupt Membrane Redox Balance and Suppress Lasiodiplodia theobromae, an Emerging Tea Pathogen.",https://pubmed.ncbi.nlm.nih.gov/42308472/,PubMed
2026 Jun 17,Impact of Anesthesia on Thrombectomy Outcomes in Large Stroke: a TENSION Subanalysis.,https://pubmed.ncbi.nlm.nih.gov/42307771/,PubMed
2026 Jun 17,"Relationships between Toenail, Urinary, and Drinking-water Fluoride Concentrations in a Pregnancy Cohort using Private Water Systems in the United States.",https://pubmed.ncbi.nlm.nih.gov/42303861/,PubMed
2026 Jun 16,Targeted isolation and inhibitory activities against 3C-like protease of theaflavin derivatives from the biotransformed theaflavin fraction.,https://pubmed.ncbi.nlm.nih.gov/42303165/,PubMed
2026 Jun 16,"Impact of waste biomass binders on the pelletizing, combustion, and engineering feasibility of sludge-coal slime co-pelletized fuel.",https://pubmed.ncbi.nlm.nih.gov/42303032/,PubMed
2026 Jun 15,"Divergent impacts of additives on biological risks associated with antibiotic resistance genes during black soldier fly manure composting: A comparative study of biochar, humic acid, and tea residue amendments.",https://pubmed.ncbi.nlm.nih.gov/42302364/,PubMed
2026 Jun 16,Optimized Extraction Process of Fu Brick Tea Polysaccharides Using Ultrasound-Assisted Enzymatic Strategy and Their Enhanced Antioxidant and Immunoprotective Activities.,https://pubmed.ncbi.nlm.nih.gov/42301720/,PubMed
2026 Jun 10,Selenium-enriched Tibetan kefir grain-fermented goji juice attenuates patulin-induced liver injury and is associated with gut microbiota modulation in mice.,https://pubmed.ncbi.nlm.nih.gov/42300518/,PubMed
2026 Jun 10,Comparative insights into pristine and mixed oxides of cerium and manganese as polyphenol oxidase mimics.,https://pubmed.ncbi.nlm.nih.gov/42300491/,PubMed
2026 Jun 18,Redox Modulation and Performance Outcomes in Broilers Supplemented with a Phytogenic Anti-Mycotoxin Agent Anti-Mycotoxin Phytogenics in Broilers.,https://pubmed.ncbi.nlm.nih.gov/42313605/,PubMed
2026 Jun 18,Covalently linked diphenylethyne bridged meso-aryl 22-oxabenzonorrole-porphyrin/metalloporphyrin dyads.,https://pubmed.ncbi.nlm.nih.gov/42313471/,PubMed
2026 Jun 18,CsWRKY33 Integrates Immune Signalling and Metabolic Reprogramming to Enhance Tea Plant Resistance Against Colletotrichum camelliae.,https://pubmed.ncbi.nlm.nih.gov/42312495/,PubMed
2026 Jun 18,Functionalized tea polyphenols in food: from design to application.,https://pubmed.ncbi.nlm.nih.gov/42312331/,PubMed
2026,Amoxicillin-Induced Drug-Induced Liver Injury Superimposed on Acute Hepatitis C Infection in a Patient With Hurler Syndrome: A Diagnostic Challenge Assessed by the Updated RUCAM.,https://pubmed.ncbi.nlm.nih.gov/42311560/,PubMed
2026 Jun 17,CrAGL62 and potential paternally expressed gene CrbZIP contribute to paternal-excess postzygotic barriers in citrus.,https://pubmed.ncbi.nlm.nih.gov/42310892/,PubMed
2026 Jun 17,Confidence-aware semi-supervised siamese graph networks for semantic text similarity in low-resource Urdu.,https://pubmed.ncbi.nlm.nih.gov/42310340/,PubMed
2026 Jun 17,Phytochemical profiling of undescribed triterpenoids from Cyclocarya paliurus leaves: structural elucidation and metabolic regulation potential.,https://pubmed.ncbi.nlm.nih.gov/42309291/,PubMed
2026 Jun 11,Modulator-driven pore engineering of tunable and scalable ternary ZIF-8/ZnO/Ag(2)O nanocomposite for electrochemical sensing of catechol oxidation marker in tea samples.,https://pubmed.ncbi.nlm.nih.gov/42308949/,PubMed
2026 Jun 17,Natural bioactive compounds: Properties and health advantages against numerous medical conditions with a special focus on endometriosis management.,https://pubmed.ncbi.nlm.nih.gov/42308915/,PubMed
2026 Jun 18,Mechanisms of heavy metal immobilization and transformation during co-pyrolysis of pig manure with typical organic solid wastes.,https://pubmed.ncbi.nlm.nih.gov/42320099/,PubMed
2026 Jun 19,"Comparison of three therapeutic methods of transcutaneous electrical nerve stimulation, embedding acupuncture, and drug therapy on interleukin-6 and pain levels in patients with knee osteoarthritis.",https://pubmed.ncbi.nlm.nih.gov/42319619/,PubMed
2026 Jun 19,Tea tree oil action on human corneal epithelial cells biological activity.,https://pubmed.ncbi.nlm.nih.gov/42319430/,PubMed
2026 Jun 19,Tea and digestive system health: integrating gut microbiota-involved ADME and personalized nutrition for gastrointestinal disorders intervention.,https://pubmed.ncbi.nlm.nih.gov/42317058/,PubMed
2026 Jun 18,Socioecological determinants of chronic disease multimorbidity in high-altitude Tibetan populations: a cross-sectional study.,https://pubmed.ncbi.nlm.nih.gov/42316267/,PubMed
2026 Jun 18,"Impact of polyphenol-rich beverages on color stability, translucency and elemental surface composition of composite resins: correlation analysis after staining.",https://pubmed.ncbi.nlm.nih.gov/42316163/,PubMed
2026 Jun 16,Infrared radiation-assisted drying stabilizes rice flavor by modulating volatile composition and lipid metabolism.,https://pubmed.ncbi.nlm.nih.gov/42314483/,PubMed
2026 Jun 18,Redox Modulation and Performance Outcomes in Broilers Supplemented with a Phytogenic Anti-Mycotoxin Agent Anti-Mycotoxin Phytogenics in Broilers.,https://pubmed.ncbi.nlm.nih.gov/42313605/,PubMed
2026 Jun 18,Covalently linked diphenylethyne bridged meso-aryl 22-oxabenzonorrole-porphyrin/metalloporphyrin dyads.,https://pubmed.ncbi.nlm.nih.gov/42313471/,PubMed
2026 Jun 18,CsWRKY33 Integrates Immune Signalling and Metabolic Reprogramming to Enhance Tea Plant Resistance Against Colletotrichum camelliae.,https://pubmed.ncbi.nlm.nih.gov/42312495/,PubMed
2026 Jun 17,"Effects of light-shielding treatment on the quality and flavor of 'Ziyan' tea wine during storage: Insights from color, taste, and aroma.",https://pubmed.ncbi.nlm.nih.gov/42320324/,PubMed
2026 Jun 19,"Upregulation of CDO1 by theaflavin-3,3'-gallate induces apoptosis and inhibits cell proliferation in TNBC.",https://pubmed.ncbi.nlm.nih.gov/42320249/,PubMed
2026 Jun 18,Mechanisms of heavy metal immobilization and transformation during co-pyrolysis of pig manure with typical organic solid wastes.,https://pubmed.ncbi.nlm.nih.gov/42320099/,PubMed
2026 Jun 19,"Comparison of three therapeutic methods of transcutaneous electrical nerve stimulation, embedding acupuncture, and drug therapy on interleukin-6 and pain levels in patients with knee osteoarthritis.",https://pubmed.ncbi.nlm.nih.gov/42319619/,PubMed
2026 Jun 19,Tea tree oil action on human corneal epithelial cells biological activity.,https://pubmed.ncbi.nlm.nih.gov/42319430/,PubMed
2026 Jun 19,Tea and digestive system health: integrating gut microbiota-involved ADME and personalized nutrition for gastrointestinal disorders intervention.,https://pubmed.ncbi.nlm.nih.gov/42317058/,PubMed
2026 Jun 18,Socioecological determinants of chronic disease multimorbidity in high-altitude Tibetan populations: a cross-sectional study.,https://pubmed.ncbi.nlm.nih.gov/42316267/,PubMed
2026 Jun 18,"Impact of polyphenol-rich beverages on color stability, translucency and elemental surface composition of composite resins: correlation analysis after staining.",https://pubmed.ncbi.nlm.nih.gov/42316163/,PubMed
2026 Jun 16,Infrared radiation-assisted drying stabilizes rice flavor by modulating volatile composition and lipid metabolism.,https://pubmed.ncbi.nlm.nih.gov/42314483/,PubMed
2026 Jun 18,Redox Modulation and Performance Outcomes in Broilers Supplemented with a Phytogenic Anti-Mycotoxin Agent Anti-Mycotoxin Phytogenics in Broilers.,https://pubmed.ncbi.nlm.nih.gov/42313605/,PubMed
2026 Jun 17,"Effects of light-shielding treatment on the quality and flavor of 'Ziyan' tea wine during storage: Insights from color, taste, and aroma.",https://pubmed.ncbi.nlm.nih.gov/42320324/,PubMed
2026 Jun 19,"Upregulation of CDO1 by theaflavin-3,3'-gallate induces apoptosis and inhibits cell proliferation in TNBC.",https://pubmed.ncbi.nlm.nih.gov/42320249/,PubMed
2026 Jun 18,Mechanisms of heavy metal immobilization and transformation during co-pyrolysis of pig manure with typical organic solid wastes.,https://pubmed.ncbi.nlm.nih.gov/42320099/,PubMed
2026 Jun 19,"Comparison of three therapeutic methods of transcutaneous electrical nerve stimulation, embedding acupuncture, and drug therapy on interleukin-6 and pain levels in patients with knee osteoarthritis.",https://pubmed.ncbi.nlm.nih.gov/42319619/,PubMed
2026 Jun 19,Tea tree oil action on human corneal epithelial cells biological activity.,https://pubmed.ncbi.nlm.nih.gov/42319430/,PubMed
2026 Jun 19,Tea and digestive system health: integrating gut microbiota-involved ADME and personalized nutrition for gastrointestinal disorders intervention.,https://pubmed.ncbi.nlm.nih.gov/42317058/,PubMed
2026 Jun 18,Socioecological determinants of chronic disease multimorbidity in high-altitude Tibetan populations: a cross-sectional study.,https://pubmed.ncbi.nlm.nih.gov/42316267/,PubMed
2026 Jun 18,"Impact of polyphenol-rich beverages on color stability, translucency and elemental surface composition of composite resins: correlation analysis after staining.",https://pubmed.ncbi.nlm.nih.gov/42316163/,PubMed
2026 Jun 16,Infrared radiation-assisted drying stabilizes rice flavor by modulating volatile composition and lipid metabolism.,https://pubmed.ncbi.nlm.nih.gov/42314483/,PubMed
2026 Jun 18,Redox Modulation and Performance Outcomes in Broilers Supplemented with a Phytogenic Anti-Mycotoxin Agent Anti-Mycotoxin Phytogenics in Broilers.,https://pubmed.ncbi.nlm.nih.gov/42313605/,PubMed
2026 Jun 20,Colorimetric swab and turbidimetric sensing for dual-mode point-of-use testing of demeton pesticide in foods based on oxidase-like Cu(2)O@Ag nanoprobe.,https://pubmed.ncbi.nlm.nih.gov/42330820/,PubMed
2026 Jun 18,Aloe vera pectin composite coatings enriched with tea polyphenols: a sustainable strategy for postharvest preservation of oyster mushrooms.,https://pubmed.ncbi.nlm.nih.gov/42330626/,PubMed
2026 Jun 18,Role of galloyl moiety in modulating the interaction between Cyperus esculentus protein and tea polyphenols: A structure-activity relationship.,https://pubmed.ncbi.nlm.nih.gov/42330623/,PubMed
2026 Jun 22,Natural Variation of COLD and CATECHINS REGULATOR 1 Coordinately Fine-Tunes Cold Tolerance and Tea Quality in Tea Plants.,https://pubmed.ncbi.nlm.nih.gov/42328710/,PubMed
2026 Jun 22,SSR marker development for analysis of the genetic diversity and identification of species and infraspecific ranks in the genus Phyllostachys.,https://pubmed.ncbi.nlm.nih.gov/42324506/,PubMed
2026 Jun 17,EGCG inactivates tumor necrosis factor-alpha (TNFα) by inducing its higher-order assembly.,https://pubmed.ncbi.nlm.nih.gov/42322759/,PubMed
2026 Jun 20,"Unveiling the impact of polystyrene nanoplastics on tea seedlings: uptake, translocation, and oxidative stress-mediated alterations.",https://pubmed.ncbi.nlm.nih.gov/42322605/,PubMed
2026 Jun 17,"Effects of light-shielding treatment on the quality and flavor of 'Ziyan' tea wine during storage: Insights from color, taste, and aroma.",https://pubmed.ncbi.nlm.nih.gov/42320324/,PubMed
2026 Jun 19,"Upregulation of CDO1 by theaflavin-3,3'-gallate induces apoptosis and inhibits cell proliferation in TNBC.",https://pubmed.ncbi.nlm.nih.gov/42320249/,PubMed
2026 Jun 18,Mechanisms of heavy metal immobilization and transformation during co-pyrolysis of pig manure with typical organic solid wastes.,https://pubmed.ncbi.nlm.nih.gov/42320099/,PubMed
2026 Jun 16,Dual-function deep eutectic solvent for the sustained determination of chromium in water and food samples.,https://pubmed.ncbi.nlm.nih.gov/42335486/,PubMed
2026 Jun 23,Sequential Reduction-Oxidation Coupling Process for the Sustainable Remediation of Pollutants Containing Electron-Withdrawing Groups.,https://pubmed.ncbi.nlm.nih.gov/42334465/,PubMed
2026 Jun 19,Dietary intake and hyperuricemia among US adults: A matched case-control analysis of NHANES 2001-2020.,https://pubmed.ncbi.nlm.nih.gov/42332440/,PubMed
2026 Jun 23,Is cryoanalgesia superior to thoracic epidural analgesia for postoperative recovery after the nuss procedure? An updated meta-analysis.,https://pubmed.ncbi.nlm.nih.gov/42332433/,PubMed
2026 Jun 22,Foliar Application of Bacillus thuringiensis Regulates Soil Physicochemical Properties and Microbial Ecological Functions in Tea Plantations.,https://pubmed.ncbi.nlm.nih.gov/42332311/,PubMed
2026 Jun 22,Discriminant compounds and a predictive S-score for the manual grading standard of Jasminum sambac.,https://pubmed.ncbi.nlm.nih.gov/42331915/,PubMed
2026 Jun 22,Multi-omics insights into floral-fruity aroma formation during Pu'er tea fermentation inoculated with a synthetic fungal community.,https://pubmed.ncbi.nlm.nih.gov/42331835/,PubMed
2026 Jun 20,Colorimetric swab and turbidimetric sensing for dual-mode point-of-use testing of demeton pesticide in foods based on oxidase-like Cu(2)O@Ag nanoprobe.,https://pubmed.ncbi.nlm.nih.gov/42330820/,PubMed
2026 Jun 18,Aloe vera pectin composite coatings enriched with tea polyphenols: a sustainable strategy for postharvest preservation of oyster mushrooms.,https://pubmed.ncbi.nlm.nih.gov/42330626/,PubMed
2026 Jun 18,Role of galloyl moiety in modulating the interaction between Cyperus esculentus protein and tea polyphenols: A structure-activity relationship.,https://pubmed.ncbi.nlm.nih.gov/42330623/,PubMed
2026 Jun 24,"Metabolic Engineering of Microbial Cell Factories for Sustainable Production of Glycolic Acid: Pathways, Chassis, and Strategies toward Poly(glycolic acid) Bioplastics.",https://pubmed.ncbi.nlm.nih.gov/42340804/,PubMed
2026 Jun 24,[International multidisciplinary consensus statement on perioperative fasting in adults].,https://pubmed.ncbi.nlm.nih.gov/42340416/,PubMed
2026 Jun 24,Optimizing Laboratory Quality with Sigma Metrics: Application of CLIA 2024 Total Allowable Error Guidelines.,https://pubmed.ncbi.nlm.nih.gov/42339833/,PubMed
2026 Jun 24,Heavy metals in carbonated waters and beverages on the South Korean market.,https://pubmed.ncbi.nlm.nih.gov/42339673/,PubMed
2026 Jun,"Prevalence of Anemia and Its Associated Factors Among Schoolchildren in Metu Town Attending Public Primary Schools, Southwest Ethiopia.",https://pubmed.ncbi.nlm.nih.gov/42338654/,PubMed
2026 Jun 23,A Serum lncRNA Signature Determines Oncogenic YAP Activity in Cancer Patients.,https://pubmed.ncbi.nlm.nih.gov/42338005/,PubMed
2026 Jun 24,Epigallocatechin gallate suppresses adipogenesis by targeting tetranectin and inhibiting its endocytosis via modulation of ERK and AKT signaling pathways.,https://pubmed.ncbi.nlm.nih.gov/42337980/,PubMed
2026 Jun 23,Influence of pollen from different species on the fruit quality of 'Hongyang' kiwifruit.,https://pubmed.ncbi.nlm.nih.gov/42337285/,PubMed
2026 Jun 23,"Reliability, repeatability, and age associations of the dogSIT (dog Smell Interaction Test) battery in untrained companion dogs (Canis lupus familiaris).",https://pubmed.ncbi.nlm.nih.gov/42337050/,PubMed
2026 Jun 23,A chromosomal-level genome assembly of Sinodiscula theae-sinensis strain Sthe1.,https://pubmed.ncbi.nlm.nih.gov/42336855/,PubMed
2026 Jun 25,Quercetin derivatives from Camellia sinensis for the discovery of anticancer compound against P-glycoprotein-mediated multidrug resistance: a computational approach.,https://pubmed.ncbi.nlm.nih.gov/42347874/,PubMed
2026 Jun 25,Scavenging of Reactive Carbonyl Species by Dihydromyricetin and Its Thermal Degradation Products Through Consumption of Hot-Brewed and Cold-Brewed Vine Tea.,https://pubmed.ncbi.nlm.nih.gov/42347795/,PubMed
2026 Jun 24,Recurrent Prosthetic Valve Endocarditis With Aortomitral Curtain Destruction in an Elderly Patient.,https://pubmed.ncbi.nlm.nih.gov/42345484/,PubMed
2026 Jun 24,Assessment of Dietary Nutritional Profile in Turkish Patients with Age-Related Macular Degeneration.,https://pubmed.ncbi.nlm.nih.gov/42343583/,PubMed
2026 Jun 24,"A chromosomal-level genome assembly of Batocera lineolata Chevrolat, 1852 (Coleoptera: Cerambycidae).",https://pubmed.ncbi.nlm.nih.gov/42342984/,PubMed
2026 Jun 24,Spatial patterns and key drivers of available phosphorus in Yunnan tea plantation soils.,https://pubmed.ncbi.nlm.nih.gov/42341675/,PubMed
2026 Jun 18,Theacrine stabilizes the TAS2R14-EGCG complex to potentiates bitter taste signaling in a temperature-dependent manner: why cooled tea taste more bitter?,https://pubmed.ncbi.nlm.nih.gov/42341665/,PubMed
2026 Jun 18,Genome-wide identification of the CsLBD gene family in tea plant and functional characterization of CsAS2 in tea leaf development.,https://pubmed.ncbi.nlm.nih.gov/42341564/,PubMed
2026 Jun 23,"Matcha green tea attenuates acrylamide-induced cerebellar damage in rats: Biochemical, histological and immunohistochemical study.",https://pubmed.ncbi.nlm.nih.gov/42341430/,PubMed
2026 Jun 24,"Metabolic Engineering of Microbial Cell Factories for Sustainable Production of Glycolic Acid: Pathways, Chassis, and Strategies toward Poly(glycolic acid) Bioplastics.",https://pubmed.ncbi.nlm.nih.gov/42340804/,PubMed
2026 Jun 26,Analysis of Sulfite Concentrations in Common Beverages Consumed in the United States.,https://pubmed.ncbi.nlm.nih.gov/42359456/,PubMed
2026 Jun 22,Effect of Beverages on the Surface Roughness and Staining of Modified Polyetheretherketone (PEEK) Materials.,https://pubmed.ncbi.nlm.nih.gov/42357074/,PubMed
2026 Jun 19,"Sodium Caseinate/Tea Polyphenols Stabilized Lavender Essential Oil Nanoemulsions: Preparation, Characterization, Antibacterial Activity and Potential as Natural Food Preservatives.",https://pubmed.ncbi.nlm.nih.gov/42357052/,PubMed
2026 Jun 22,Hydration Performance Enhancement Mechanism of Steel Slag-Based Cementitious Materials: Synergistic Regulation of Sodium Silicate and Triethanolamine Complexation.,https://pubmed.ncbi.nlm.nih.gov/42355252/,PubMed
2026 Jun 22,Monitoring Hygiene Protocols and Exploring Alternatives to Counteract Resistant Pathogens: A Case Study from Southern Italy on Healthcare-Associated Infection Control.,https://pubmed.ncbi.nlm.nih.gov/42355006/,PubMed
2026 Jun 21,"Municipal Solid Waste (MSW)-Compost Amendment Increases Diversity, Functional Activities, and Network Connectivity of a Vineyard Soil Microbiota.",https://pubmed.ncbi.nlm.nih.gov/42354996/,PubMed
2026 Jun 20,An Environmentally Tolerant 5A Hydrogel with Photothermal Effect for Frostbite Treatment.,https://pubmed.ncbi.nlm.nih.gov/42354452/,PubMed
2026 Jun 26,Genome-wide identification and functional analysis of the BES1-like (VfBES1) gene family in Vernicia fordii reveals its role in floral development.,https://pubmed.ncbi.nlm.nih.gov/42350946/,PubMed
2026 Jun 25,Chromosome-level genome assembly of oil-tea tree Camellia brevistyla.,https://pubmed.ncbi.nlm.nih.gov/42350454/,PubMed
2026 Jun 25,Analgesic efficacy of locoregional anesthesia techniques in cardiac surgery: a systematic review and network meta-analysis of randomized trials.,https://pubmed.ncbi.nlm.nih.gov/42350062/,PubMed
2026 Jun 27,"Design, synthesis and antifungal evaluation of novel indoline-containing pyrazole-4-carboxamide derivatives as potential succinate dehydrogenase inhibitors.",https://pubmed.ncbi.nlm.nih.gov/42363778/,PubMed
2026 Jun 26,Epigallocatechin Gallate (EGCG) Inhibits Singapore Grouper Iridovirus (SGIV) Infection by Interfering With Viral Life Cycle and Modulating Host Cell Cycle G2/M Checkpoint.,https://pubmed.ncbi.nlm.nih.gov/42363434/,PubMed
2026 Jun 26,Geographic patterns and soil-to-bark microbial transmission shape microbiome assembly in tea trees.,https://pubmed.ncbi.nlm.nih.gov/42363045/,PubMed
2026 Jun 27,Post-radiotherapy xerostomia and quality of life in head and neck cancer patients.,https://pubmed.ncbi.nlm.nih.gov/42362923/,PubMed
2026 Jun 26,Green synthesis of copper oxide nanoparticles using spent green tea extract and their dosage-dependent bioactivity and mango preservation performance.,https://pubmed.ncbi.nlm.nih.gov/42362704/,PubMed
2026 Jun 26,Publisher Correction: Deep learning enable precision authentication of seasonal and processing signatures in tieguanyin tea.,https://pubmed.ncbi.nlm.nih.gov/42362580/,PubMed
2026 Jun 22,Preparation and eye-protecting application of lutein Pickering emulsions stabilized by tea polyphenol/cassia seeds.,https://pubmed.ncbi.nlm.nih.gov/42361568/,PubMed
2026 Jun 22,Elucidating the metabolic dynamics and aroma formation mechanisms of sun-exposed versus rain-soaked fresh tea leaves during Wuyi rock tea processing via GC-MS and LC-MS-based untargeted metabolomics.,https://pubmed.ncbi.nlm.nih.gov/42361561/,PubMed
2026 Jun 26,Nature-Related Risk Perceptions Among Vietnamese Smallholder Tea Farmers and Implications for Environmental Management.,https://pubmed.ncbi.nlm.nih.gov/42360376/,PubMed
2026 Jun 26,Femoral component internal rotation in functionally aligned robotic-assisted total knee arthroplasty does not impair functional outcomes.,https://pubmed.ncbi.nlm.nih.gov/42360144/,PubMed
2026 Jun 28,Epigallocatechin-3-gallate mitigates cerebral ischemia-reperfusion injury by promoting microglia toward M2 phenotype via Nrf2/HO-1 pathway.,https://pubmed.ncbi.nlm.nih.gov/42365125/,PubMed
2026 Jun 27,Proteome-wide quantitative analysis of redox cysteine in porcine uterus reveals deoxynivalenol induced oxidative stress via protein hyperoxidation.,https://pubmed.ncbi.nlm.nih.gov/42364855/,PubMed
2026 Jun 27,Integrative systematics reveal the deep evolutionary origin and familial placements of the wirrahs (Teleostei: Acanthistiidae: Acanthistius) and the toadstool grouper (Teleostei: Trachypomatidae fam. nov.: Trachypoma).,https://pubmed.ncbi.nlm.nih.gov/42364676/,PubMed
2026 Jun 24,Intelligent regulation of NH(2)-UiO-66 decorated surface molecularly imprinted polymers: targeted recognition and precise control of three typical anthraquinone compounds.,https://pubmed.ncbi.nlm.nih.gov/42364589/,PubMed
2026 Jun 27,"Design, synthesis and antifungal evaluation of novel indoline-containing pyrazole-4-carboxamide derivatives as potential succinate dehydrogenase inhibitors.",https://pubmed.ncbi.nlm.nih.gov/42363778/,PubMed
2026 Jun 26,Epigallocatechin Gallate (EGCG) Inhibits Singapore Grouper Iridovirus (SGIV) Infection by Interfering With Viral Life Cycle and Modulating Host Cell Cycle G2/M Checkpoint.,https://pubmed.ncbi.nlm.nih.gov/42363434/,PubMed
2026 Jun 26,Geographic patterns and soil-to-bark microbial transmission shape microbiome assembly in tea trees.,https://pubmed.ncbi.nlm.nih.gov/42363045/,PubMed
2026 Jun 27,Post-radiotherapy xerostomia and quality of life in head and neck cancer patients.,https://pubmed.ncbi.nlm.nih.gov/42362923/,PubMed
2026 Jun 26,Green synthesis of copper oxide nanoparticles using spent green tea extract and their dosage-dependent bioactivity and mango preservation performance.,https://pubmed.ncbi.nlm.nih.gov/42362704/,PubMed
2026 Jun 26,Publisher Correction: Deep learning enable precision authentication of seasonal and processing signatures in tieguanyin tea.,https://pubmed.ncbi.nlm.nih.gov/42362580/,PubMed
2026 Jun 29,Sagittal femoral morphology is not associated with robotic planning or soft-tissue balance during robotic-assisted total knee arthroplasty: An analysis from the Brescia Knee Research Group.,https://pubmed.ncbi.nlm.nih.gov/42371661/,PubMed
2026 Jun 29,Associations of unsweetened and sweetened coffee and tea consumption with incident cardiovascular disease: a large prospective cohort study.,https://pubmed.ncbi.nlm.nih.gov/42371142/,PubMed
2026 Jun 29,The Lexical Tone Partially Depends on Segments: Evidence from Visual-World Eye Tracking.,https://pubmed.ncbi.nlm.nih.gov/42370955/,PubMed
2026,The metabolite changes of wolfberry (Lycium barbarum) tea in different processing stages.,https://pubmed.ncbi.nlm.nih.gov/42369755/,PubMed
2026 Jun,Integrating Bone-Brain Axis Modulation and Tea Consumption for Enhancing Neurovascular Resilience and Patient Rehabilitation Education.,https://pubmed.ncbi.nlm.nih.gov/42369646/,PubMed
2026 Jun,Unfolding a mystery: a case of small bowel perforation in an edentulous patient.,https://pubmed.ncbi.nlm.nih.gov/42368646/,PubMed
2026 Jun 29,Diversity of stem endophytes communities from wild asparagus resources and the biocontrol potential on Phomopsis asparagi.,https://pubmed.ncbi.nlm.nih.gov/42366343/,PubMed
2026 Jun 28,Epigallocatechin-3-gallate mitigates cerebral ischemia-reperfusion injury by promoting microglia toward M2 phenotype via Nrf2/HO-1 pathway.,https://pubmed.ncbi.nlm.nih.gov/42365125/,PubMed
2026 Jun 27,Proteome-wide quantitative analysis of redox cysteine in porcine uterus reveals deoxynivalenol induced oxidative stress via protein hyperoxidation.,https://pubmed.ncbi.nlm.nih.gov/42364855/,PubMed
2026 Jun 27,Integrative systematics reveal the deep evolutionary origin and familial placements of the wirrahs (Teleostei: Acanthistiidae: Acanthistius) and the toadstool grouper (Teleostei: Trachypomatidae fam. nov.: Trachypoma).,https://pubmed.ncbi.nlm.nih.gov/42364676/,PubMed
2026 Jun 30,Decoding the Impact of Acidification and Toxic Metal Stress on Tea Soil Bacteriome: Integrating 16S rRNA Sequencing with Multivariate Approaches.,https://pubmed.ncbi.nlm.nih.gov/42377746/,PubMed
2026 Jun 30,Computer-Aided Rational Hapten Design for Broad-Spectrum Monoclonal Antibody Development against Anthraquinones and Its Application in Lateral Flow Immunoassay.,https://pubmed.ncbi.nlm.nih.gov/42376876/,PubMed
2026,Prevalence of Insomnia in Healthcare Profession - PIHEP Study: A Large-Scale National Study in Vietnam.,https://pubmed.ncbi.nlm.nih.gov/42376372/,PubMed
2026 Jun 29,Engineering and application of a recombinant Aspergillus niger CECT 2907 tannase to enhance the antioxidant activity of black tea.,https://pubmed.ncbi.nlm.nih.gov/42374800/,PubMed
2026 Jun 27,The RcMYB21 transcription factor activates flavonol biosynthesis by targeting RcFLS in Chinese raspberry.,https://pubmed.ncbi.nlm.nih.gov/42374227/,PubMed
2026 Jun 29,The influence of beverages on the esthetics of orthodontic ligatures: in vitro study.,https://pubmed.ncbi.nlm.nih.gov/42373828/,PubMed
2026 Jun 29,Sagittal femoral morphology is not associated with robotic planning or soft-tissue balance during robotic-assisted total knee arthroplasty: An analysis from the Brescia Knee Research Group.,https://pubmed.ncbi.nlm.nih.gov/42371661/,PubMed
2026 Jun 29,Associations of unsweetened and sweetened coffee and tea consumption with incident cardiovascular disease: a large prospective cohort study.,https://pubmed.ncbi.nlm.nih.gov/42371142/,PubMed
2026 Jun 29,The Lexical Tone Partially Depends on Segments: Evidence from Visual-World Eye Tracking.,https://pubmed.ncbi.nlm.nih.gov/42370955/,PubMed
2026,The metabolite changes of wolfberry (Lycium barbarum) tea in different processing stages.,https://pubmed.ncbi.nlm.nih.gov/42369755/,PubMed
2026 Jul 1,Tea polyphenol-iron nanocapsules for oxalic acid-triggered delivery of n-butylidenephthalide: a biorational strategy against Sclerotium rolfsii.,https://pubmed.ncbi.nlm.nih.gov/42385190/,PubMed
2026 Jul 1,"Roasting enhances antioxidant, anti-glycation, and gut microbiota-modulating activities of burdock root tea in mice fed a high-sucrose, low-fibre diet.",https://pubmed.ncbi.nlm.nih.gov/42385134/,PubMed
2026 Jul 1,Role of epigallocatechin gallate on aluminum exposure-induced bone damage via NLRP3 inflammasome signaling pathway.,https://pubmed.ncbi.nlm.nih.gov/42384287/,PubMed
2026 Jul 1,"Nutritional composition, fatty acid profiles, and sensory characteristics of commercial bovine milk from different global production regions in the Chinese market.",https://pubmed.ncbi.nlm.nih.gov/42384276/,PubMed
2026 Jul 1,A CsNF-YB4-CsWAT1-CsARF9 regulatory cascade mediates auxin-dependent suppression of lignin biosynthesis and resistance to Colletotrichum camelliae in tea plants.,https://pubmed.ncbi.nlm.nih.gov/42383515/,PubMed
2026 Jul,"Enhancing bread functionality through partial wheat flour replacement with chickpea starch: impacts on dough characteristics, bread quality, and digestive responses.",https://pubmed.ncbi.nlm.nih.gov/42382796/,PubMed
2026 Jul,"Fabrication of a quaternary ammonium chitosan/pomelo peel extract nanocarrier system for tea polyphenol delivery: characterization, stability, digestibility, and release properties.",https://pubmed.ncbi.nlm.nih.gov/42382793/,PubMed
2026 Jul,"Red-blue monochromatic and composite light withering modulates flavor and aroma profiles of white tea: A combined GC-IMS, E-nose, HPLC and sensory analysis.",https://pubmed.ncbi.nlm.nih.gov/42382790/,PubMed
2026 Jun 29,Harnessing the Power of Chinese Essential Oils: A Systematic Review on Holistic Approach to Acne Treatment and Anti-Aging Therapy.,https://pubmed.ncbi.nlm.nih.gov/42381131/,PubMed
2026 Jun 30,"Stable lineages, rewired landscapes: single-cell and spatial multi-omics reveal developmental plasticity under abiotic stress.",https://pubmed.ncbi.nlm.nih.gov/42380080/,PubMed
2026 Jul 2,Dual-Active-Site Synergy in Metal-Organic Framework-Derived Er:CeO(2)/ZnO Nanofibers Enabling Humidity-Independent Triethylamine Detection at Room Temperature.,https://pubmed.ncbi.nlm.nih.gov/42391564/,PubMed
2026 Jul 2,Psychological stress and (poly)phenol intake in free-living healthy adults: an ecological momentary assessment study.,https://pubmed.ncbi.nlm.nih.gov/42390483/,PubMed
2026 Jul 2,Safety Assessment of Melaleuca alternifolia (Tea Tree)-Derived Ingredients as Used in Cosmetics.,https://pubmed.ncbi.nlm.nih.gov/42389853/,PubMed
2026 Jul,Effects of different types of water on the sensory and physicochemical properties of cold - brewed green tea.,https://pubmed.ncbi.nlm.nih.gov/42389337/,PubMed
2026 Jul 1,Upcycling black tea waste into a bifunctional catalyst for efficient biodiesel production from waste cooking oil with kinetic and thermodynamic insights.,https://pubmed.ncbi.nlm.nih.gov/42387012/,PubMed
2026 Jul 1,3-O-p-coumaroylquinic acid and 4-O-p-coumaroylquinic acid from Hemerocallis citrina Baroni exert antidepressant effects via CA/Dopa/DA/NE and PKA/CREB/BDNF signaling pathways.,https://pubmed.ncbi.nlm.nih.gov/42386774/,PubMed
2026 Jul 1,Sarcandra glabra alleviates intestinal injury via modulating gut microbiota and suppressing the IL-6/SOCS3 signaling pathway.,https://pubmed.ncbi.nlm.nih.gov/42386748/,PubMed
2026 Jul,CsWRKY75-CsABF4 module regulated beta-amylases-mediated starch degradation to enhance drought resistance in tea plants (Camellia sinensis).,https://pubmed.ncbi.nlm.nih.gov/42385789/,PubMed
2026 Jun 28,Epigallocatechin gallate targets the hexokinase 2-voltage-dependent anion channel 1 axis in myofibroblasts to attenuate pulmonary fibrosis.,https://pubmed.ncbi.nlm.nih.gov/42385429/,PubMed
2026 Jul 1,Tea polyphenol-iron nanocapsules for oxalic acid-triggered delivery of n-butylidenephthalide: a biorational strategy against Sclerotium rolfsii.,https://pubmed.ncbi.nlm.nih.gov/42385190/,PubMed
2026 Jul 1,Tailoring oxygen vacancy of WO(3) nanoparticles for high-performance gas sensing: room-temperature NO(2) and low-temperature triethylamine detection.,https://pubmed.ncbi.nlm.nih.gov/42398142/,PubMed
2026 Jul 3,A Synergistic C(2+) Alcohols/Olefins-Intermediated Pathway Boosts CO(2) Hydrogenation to Aromatics.,https://pubmed.ncbi.nlm.nih.gov/42397884/,PubMed
2026 Jul 3,A β-Cyclodextrin/Ag(2)O@MWCNT-Based Stochastic Platform for the Simultaneous Molecular Enantiorecognition and Enantioanalysis of Twelve Amino Acids in Biological Matrices.,https://pubmed.ncbi.nlm.nih.gov/42397718/,PubMed
2026 Jul 3,From adhesion to gene regulation: tea tree essential oil suppresses Uropathogenic Escherichia coli colonization while triggering csgA-mediated biofilm stress paradox.,https://pubmed.ncbi.nlm.nih.gov/42397613/,PubMed
2026 Jul 3,Interesterified fats rich in palmitic and stearic acids have comparable effects on selected inflammatory related biomarkers.,https://pubmed.ncbi.nlm.nih.gov/42397442/,PubMed
2026 Jul 3,Boronate affinity-based ratiometric fluorescent quantum dot sensors for the rapid detection of streptomycin from food.,https://pubmed.ncbi.nlm.nih.gov/42397183/,PubMed
2026 Jul,Dietary Polyphenols as Natural Modulators of NF-κB Signaling in Inflammation-Driven Non-Communicable Diseases: Focus on Cancer.,https://pubmed.ncbi.nlm.nih.gov/42396541/,PubMed
2026 Jul 2,"Comparative adsorption kinetics of malachite green using biochars from mulberry, Calotropis, castor, and tea leaves.",https://pubmed.ncbi.nlm.nih.gov/42395814/,PubMed
2026 Jul 2,Porphyrin-functionalized molecularly imprinted paper sensor for selective colorimetric detection of caffeine in beverage samples.,https://pubmed.ncbi.nlm.nih.gov/42395793/,PubMed
2026 Jul 2,Aqueous extract of Duyun Maojian tea ameliorates the ileal microbiota and associated hepatic metabolome in HFD-induced obese mice.,https://pubmed.ncbi.nlm.nih.gov/42395745/,PubMed
2026 Jul 4,Modulating Electronic Structure via Bimetallic D-Band Engineering toward an Ultrasensitive Sensor Platform for Caffeic Acid in Food.,https://pubmed.ncbi.nlm.nih.gov/42400342/,PubMed
2026 Jul 3,Mutual aid among older residents in two socially different districts of a rural municipality in Japan: a comparative qualitative study.,https://pubmed.ncbi.nlm.nih.gov/42399792/,PubMed
2026 Jul 3,Metabolomic dynamics of flavor compound synthesis in Pu'er green tea produced from Camellia sinensis var. assamica under seasonal variation.,https://pubmed.ncbi.nlm.nih.gov/42399422/,PubMed
2026 Jul 3,Innovative magnetic effervescence‑assisted microextraction for ensuring food safety: rapid monitoring of pyrethroid residues in Chrysanthemum morifolium Ramat.,https://pubmed.ncbi.nlm.nih.gov/42399258/,PubMed
2026 Jul 3,Metabolomics-based study of the preservation mechanism of a tea saponin-cinnamaldehyde nanoemulsion applied to Xinyu tangerines.,https://pubmed.ncbi.nlm.nih.gov/42399109/,PubMed
2026 Jul 3,Impact of carboxymethyl cellulose on mucin-tea polyphenol interactions: insights into protein-polysaccharide-polyphenol ternary systems.,https://pubmed.ncbi.nlm.nih.gov/42398610/,PubMed
2026 Jul 2,Invasive giant African snails as potential reservoirs of antimicrobial resistance and bacterial pathogens in urban park.,https://pubmed.ncbi.nlm.nih.gov/42398246/,PubMed
2026 Jun 29,Run Chang Tong Mi tea alleviates functional constipation through regulating gut microbiota and SCF/c-kit pathway.,https://pubmed.ncbi.nlm.nih.gov/42398209/,PubMed
2026 Jun 29,Metabolomic insights into flavonoid migration and bioactivity enhancement in Apocynum venetum tea during hot-water brewing.,https://pubmed.ncbi.nlm.nih.gov/42398187/,PubMed
2026 Jul 1,Tailoring oxygen vacancy of WO(3) nanoparticles for high-performance gas sensing: room-temperature NO(2) and low-temperature triethylamine detection.,https://pubmed.ncbi.nlm.nih.gov/42398142/,PubMed
2026 Jun 30,"Eucalyptol (1,8-cineole) relaxes umbilical veins in normoglycemic parturients and parturients with gestational diabetes mellitus by modulating ion channels: An ex vivo study.",https://pubmed.ncbi.nlm.nih.gov/42401002/,PubMed
2026 Jul 4,Modulating Electronic Structure via Bimetallic D-Band Engineering toward an Ultrasensitive Sensor Platform for Caffeic Acid in Food.,https://pubmed.ncbi.nlm.nih.gov/42400342/,PubMed
2026 Jul 3,Mutual aid among older residents in two socially different districts of a rural municipality in Japan: a comparative qualitative study.,https://pubmed.ncbi.nlm.nih.gov/42399792/,PubMed
2026 Jul 3,Metabolomic dynamics of flavor compound synthesis in Pu'er green tea produced from Camellia sinensis var. assamica under seasonal variation.,https://pubmed.ncbi.nlm.nih.gov/42399422/,PubMed
2026 Jul 3,Innovative magnetic effervescence‑assisted microextraction for ensuring food safety: rapid monitoring of pyrethroid residues in Chrysanthemum morifolium Ramat.,https://pubmed.ncbi.nlm.nih.gov/42399258/,PubMed
2026 Jul 3,Metabolomics-based study of the preservation mechanism of a tea saponin-cinnamaldehyde nanoemulsion applied to Xinyu tangerines.,https://pubmed.ncbi.nlm.nih.gov/42399109/,PubMed
2026 Jul 3,Impact of carboxymethyl cellulose on mucin-tea polyphenol interactions: insights into protein-polysaccharide-polyphenol ternary systems.,https://pubmed.ncbi.nlm.nih.gov/42398610/,PubMed
2026 Jul 2,Invasive giant African snails as potential reservoirs of antimicrobial resistance and bacterial pathogens in urban park.,https://pubmed.ncbi.nlm.nih.gov/42398246/,PubMed
2026 Jun 29,Run Chang Tong Mi tea alleviates functional constipation through regulating gut microbiota and SCF/c-kit pathway.,https://pubmed.ncbi.nlm.nih.gov/42398209/,PubMed
2026 Jun 29,Metabolomic insights into flavonoid migration and bioactivity enhancement in Apocynum venetum tea during hot-water brewing.,https://pubmed.ncbi.nlm.nih.gov/42398187/,PubMed
2026 Jul,Terpenoids From Leaves of Diospyros kaki and Their Neuroprotective Effects.,https://pubmed.ncbi.nlm.nih.gov/42407024/,PubMed
2026 Jul 6,Bacillus sp. Z26 suppresses Alternaria alternata and its mycotoxins by targeting AaPex13-mediated peroxisome biogenesis.,https://pubmed.ncbi.nlm.nih.gov/42406189/,PubMed
2026 Jul 2,Bioactivity and Bioavailability of Tea (Camelia sinensis) and Its Possible Effect on Disease Prevention and Health Promotion: A Narrative Review.,https://pubmed.ncbi.nlm.nih.gov/42405411/,PubMed
2026 Jul 3,Next-generation biodiesel production: catalytic innovations and scalable microalgal biorefinery systems.,https://pubmed.ncbi.nlm.nih.gov/42405145/,PubMed
2026 Jul,"Effects of different harvesting seasons on the physical, chemical, and aromatic properties of tea leaves.",https://pubmed.ncbi.nlm.nih.gov/42404247/,PubMed
2026 Jul,Aroma evolution of Anhua Qianliang tea across different storage years: Machine learning-assisted discrimination of storage stages and screening of marker volatile compounds.,https://pubmed.ncbi.nlm.nih.gov/42404242/,PubMed
2026,"EGCG-Building Nanocarriers for Multitasking Drug Delivery: Design Principles, Therapeutic Opportunities, and Translational Challenges.",https://pubmed.ncbi.nlm.nih.gov/42403542/,PubMed
2026 Jul 6,"Comprehensive elucidation of volatile, phenolic, and organic acid profiles in Turkish mallow (Malva sylvestris L.) petal herbal tea: impact of diverse brewing conditions.",https://pubmed.ncbi.nlm.nih.gov/42403374/,PubMed
2026 Jul 5,Efficacy of Green Tea Extract-Impregnated Dental Floss Compared to Chlorhexidine and Conventional Floss in Reducing Supragingival Plaque and Gingival Bleeding: A Randomized Controlled Trial.,https://pubmed.ncbi.nlm.nih.gov/42403005/,PubMed
2026 Jul 5,Unraveling the flavor development mechanisms of areca-intercropped Hainan Dayezhong white tea.,https://pubmed.ncbi.nlm.nih.gov/42402698/,PubMed
2026 Jul 7,Distinct Chemical Profiles and Gut Microbiota Modulation of Ancha Tea Compared with Green and Black Teas from the Same Cultivar.,https://pubmed.ncbi.nlm.nih.gov/42411316/,PubMed
2026 Jul 7,A miR858 variant negatively regulates resistance to tea leaf spot through targeting the CsMYB1-CsPME41 module.,https://pubmed.ncbi.nlm.nih.gov/42410657/,PubMed
2026 Jul 6,Cognitive and affective effects of L-Theanine: a systematic review and meta-analysis of 31 randomized trials.,https://pubmed.ncbi.nlm.nih.gov/42410082/,PubMed
2026 Jul 6,Common carp USP30s restrict SVCV replication by attenuating mitophagy.,https://pubmed.ncbi.nlm.nih.gov/42409135/,PubMed
2026 Jul 6,"Co-application of biochar and silicon fertilizer enhances rice nutrient allocation, soil fertility, and mitigates ARG dissemination in paddy soil.",https://pubmed.ncbi.nlm.nih.gov/42409096/,PubMed
2026 Jul,Terpenoids From Leaves of Diospyros kaki and Their Neuroprotective Effects.,https://pubmed.ncbi.nlm.nih.gov/42407024/,PubMed
2026 Jul 6,Bacillus sp. Z26 suppresses Alternaria alternata and its mycotoxins by targeting AaPex13-mediated peroxisome biogenesis.,https://pubmed.ncbi.nlm.nih.gov/42406189/,PubMed
2026 Jul 2,Bioactivity and Bioavailability of Tea (Camelia sinensis) and Its Possible Effect on Disease Prevention and Health Promotion: A Narrative Review.,https://pubmed.ncbi.nlm.nih.gov/42405411/,PubMed
2026 Jul 3,Next-generation biodiesel production: catalytic innovations and scalable microalgal biorefinery systems.,https://pubmed.ncbi.nlm.nih.gov/42405145/,PubMed
2026 Jul,"Effects of different harvesting seasons on the physical, chemical, and aromatic properties of tea leaves.",https://pubmed.ncbi.nlm.nih.gov/42404247/,PubMed
2026 Jul 3,"Study on the identification, generation mechanism and coloring effect of 5,7-dihydroxycoumarin formed from the autoxidation of EGCG.",https://pubmed.ncbi.nlm.nih.gov/42418877/,PubMed
2026 Jul 8,Magnetic-Field-Enabled Ultrafast Quench Synthesis of Single-Atom Catalysts for Efficient Anion Exchange Membrane Water Electrolysis.,https://pubmed.ncbi.nlm.nih.gov/42417291/,PubMed
2026 Jul 8,Mechanochemical strategies for environmental remediation and resource recovery.,https://pubmed.ncbi.nlm.nih.gov/42417274/,PubMed
2026 Jul,The transcription factor AebHLH89 activates AeGMP1 transcription to regulate L-ascorbic acid accumulation in kiwifruit (Actinidia eriantha) revealed by genome-wide association study.,https://pubmed.ncbi.nlm.nih.gov/42416214/,PubMed
2026 Jul,"Phenolic Acids and Their Derivatives in Tea: Chemical Diversity, Processing Changes, Sensory Contributions, and Health Implications-A Comprehensive Review.",https://pubmed.ncbi.nlm.nih.gov/42415290/,PubMed
2026 Jul,Heterogeneity in Withering Conditions and Associated Changes in Key Nonvolatile Compounds in Black Tea (Camellia sinensis): A Systematic Review and Meta-Analysis.,https://pubmed.ncbi.nlm.nih.gov/42415270/,PubMed
2026 Jul 7,Reference-guided transcriptomics resolves CoHMGR family composition and expression diversification during postharvest warm conditioning of Camellia oleifera seed kernels.,https://pubmed.ncbi.nlm.nih.gov/42414873/,PubMed
2026 Jul 7,Preparation and application of sweet flavorings using green tea powder via Maillard reaction.,https://pubmed.ncbi.nlm.nih.gov/42414350/,PubMed
2026 Jul 7,Volatile flavoromics and metabolomics reveal quality evolution mechanism of Zhenghe white peony tea during storage.,https://pubmed.ncbi.nlm.nih.gov/42414328/,PubMed
2026 Jul 7,Guangxi Eco-Environmental Health and Aging Study (GEHAS).,https://pubmed.ncbi.nlm.nih.gov/42414010/,PubMed
2026 Jul 9,Dark tea-derived exosome-like nanovesicles suppress hepatocellular carcinoma via inhibiting Akt pathway and modulating immune profiles.,https://pubmed.ncbi.nlm.nih.gov/42424676/,PubMed
2026 Jul 9,Cross-cultural Adaptation and Psychometric Properties of the Chinese Version of the Spiritual Needs Questionnaire (SpNQ-20) Among Older Adults with Chronic Diseases in China.,https://pubmed.ncbi.nlm.nih.gov/42423869/,PubMed
2026 Jul 9,Insights into the interaction mechanisms between mogrosides and sweet and bitter taste receptors obtained by integrating molecular docking and dynamics simulations.,https://pubmed.ncbi.nlm.nih.gov/42421467/,PubMed
2026 Jul 8,Aggregation Pheromones and Adjuvants Reduce Pesticide Dosage against Dendrothrips minowai by Enhancing Behavioral Stimulation and Pesticide Deposition.,https://pubmed.ncbi.nlm.nih.gov/42421288/,PubMed
2026 Jul 8,Role of theobromine and caffeine in resistance to Phytophthora spp. in Theobroma cacao.,https://pubmed.ncbi.nlm.nih.gov/42420407/,PubMed
2026 Jul 8,Quantum-inspired quadratic attention with fourier-domain rank control in transformer architectures.,https://pubmed.ncbi.nlm.nih.gov/42420357/,PubMed
2026 Jul 9,Intercostal nerve cryoanalgesia in lung transplantation: a retrospective single-center study.,https://pubmed.ncbi.nlm.nih.gov/42419749/,PubMed
2026 Jul 8,Caffeic acid attenuates stress-induced colon inflammation and barrier disruption in Sprague-Dawley rats.,https://pubmed.ncbi.nlm.nih.gov/42419153/,PubMed
2026 Jul 3,"Study on the identification, generation mechanism and coloring effect of 5,7-dihydroxycoumarin formed from the autoxidation of EGCG.",https://pubmed.ncbi.nlm.nih.gov/42418877/,PubMed
2026 Jul 8,Magnetic-Field-Enabled Ultrafast Quench Synthesis of Single-Atom Catalysts for Efficient Anion Exchange Membrane Water Electrolysis.,https://pubmed.ncbi.nlm.nih.gov/42417291/,PubMed
2026 Jul 10,Genetic and Environmental Influences on Caffeine Intake in Korean Twins.,https://pubmed.ncbi.nlm.nih.gov/42430071/,PubMed
2026 Jul 10,Optimized design of repellents for Apolygus lucorum based on dodecanal and dimethyl disulfide.,https://pubmed.ncbi.nlm.nih.gov/42427212/,PubMed
2026 Jul 9,Assay performance verification and reference interval establishment for PIVKA-II on the Roche cobas e 801.,https://pubmed.ncbi.nlm.nih.gov/42426636/,PubMed
2026 Jul 9,"Intraspecific variation, trait coordination and resource-use strategies of leaf functional traits in Suzhou tea landraces (Camellia sinensis).",https://pubmed.ncbi.nlm.nih.gov/42426612/,PubMed
2026 Jul 9,Correlation of Molecular State and Drug Release in Irinotecan-Loaded Liposomes Using Different Trapping Agents.,https://pubmed.ncbi.nlm.nih.gov/42425915/,PubMed
2026 Jul 9,Dark tea-derived exosome-like nanovesicles suppress hepatocellular carcinoma via inhibiting Akt pathway and modulating immune profiles.,https://pubmed.ncbi.nlm.nih.gov/42424676/,PubMed
2026 Jul 9,Cross-cultural Adaptation and Psychometric Properties of the Chinese Version of the Spiritual Needs Questionnaire (SpNQ-20) Among Older Adults with Chronic Diseases in China.,https://pubmed.ncbi.nlm.nih.gov/42423869/,PubMed
2026 Jul 9,Insights into the interaction mechanisms between mogrosides and sweet and bitter taste receptors obtained by integrating molecular docking and dynamics simulations.,https://pubmed.ncbi.nlm.nih.gov/42421467/,PubMed
2026 Jul 8,Aggregation Pheromones and Adjuvants Reduce Pesticide Dosage against Dendrothrips minowai by Enhancing Behavioral Stimulation and Pesticide Deposition.,https://pubmed.ncbi.nlm.nih.gov/42421288/,PubMed
2026 Jul 8,Role of theobromine and caffeine in resistance to Phytophthora spp. in Theobroma cacao.,https://pubmed.ncbi.nlm.nih.gov/42420407/,PubMed
2026 Dec,Molecular dynamics and predictive toxicity insights into theaflavin as a potential inhibitor of MMP-2 and MMP-9 in breast cancer.,https://pubmed.ncbi.nlm.nih.gov/42434172/,PubMed
2026 Jul 10,High-efficiency callus induction from intact Camellia sinensis leaves via controlled incisions and its regulatory mechanisms.,https://pubmed.ncbi.nlm.nih.gov/42432484/,PubMed
2026 Jul 10,Eco-friendly synthesis and evaluation of carbon dots from kitchen waste for potential antibacterial applications.,https://pubmed.ncbi.nlm.nih.gov/42432009/,PubMed
2026 Jul 10,A unifying equation for fermentation sustainability across the titer-rate-yield landscape.,https://pubmed.ncbi.nlm.nih.gov/42431875/,PubMed
2026 Jul 10,Development and characterization of potato starch/sodium alginate active composite films incorporated with theabrownin and their application in fresh Auricularia auricula-judae preservation.,https://pubmed.ncbi.nlm.nih.gov/42431488/,PubMed
2026 Jul 10,Perceptual interactions and predicted mechanism in binary odorant mixtures of baked green tea (Camellia sinensis cv. Zhongcha 302).,https://pubmed.ncbi.nlm.nih.gov/42431456/,PubMed
2026 Jul 10,"Multi-year glyphosate exposure impairs soil fertility, microbial communities, nutrient cycling genes, and tea quality in tea plantations.",https://pubmed.ncbi.nlm.nih.gov/42431299/,PubMed
2026 Jul 10,Climate extremes in the Eastern Himalayas: Zone-specific adaptation strategies and policy design for climate-resilient rainfed agriculture.,https://pubmed.ncbi.nlm.nih.gov/42430989/,PubMed
2026 Jul 8,Neonicotinoid insecticides induced neurotoxicity in SH-SY5Y cells via oxidative stress and mitochondrial dysfunction.,https://pubmed.ncbi.nlm.nih.gov/42430923/,PubMed
2026 Jul 10,Rational design of AuNPs-decorated MOFs/Cu(2)O: p-n heterojunction and plasmonic synergy for enhanced SERS detection of microplastics.,https://pubmed.ncbi.nlm.nih.gov/42430915/,PubMed
2026,"Hippo-YAP/TAZ Signaling in Hematological Malignancies: Molecular Mechanisms, Pathway Crosstalk and Therapeutic Potential.",https://pubmed.ncbi.nlm.nih.gov/42437161/,PubMed
2026 Jul 11,TEA-modified anthill clay for tannery wastewater treatment: COD and BOD adsorption.,https://pubmed.ncbi.nlm.nih.gov/42436261/,PubMed
2026 Jul 7,Impact of epidural versus wound catheter analgesia for patients undergoing open pancreatoduodenectomy: A randomized controlled trial.,https://pubmed.ncbi.nlm.nih.gov/42436052/,PubMed
2026 Dec,Molecular dynamics and predictive toxicity insights into theaflavin as a potential inhibitor of MMP-2 and MMP-9 in breast cancer.,https://pubmed.ncbi.nlm.nih.gov/42434172/,PubMed
2026 Jul 10,High-efficiency callus induction from intact Camellia sinensis leaves via controlled incisions and its regulatory mechanisms.,https://pubmed.ncbi.nlm.nih.gov/42432484/,PubMed
2026 Jul 10,Eco-friendly synthesis and evaluation of carbon dots from kitchen waste for potential antibacterial applications.,https://pubmed.ncbi.nlm.nih.gov/42432009/,PubMed
2026 Jul 10,A unifying equation for fermentation sustainability across the titer-rate-yield landscape.,https://pubmed.ncbi.nlm.nih.gov/42431875/,PubMed
2026 Jul 10,Development and characterization of potato starch/sodium alginate active composite films incorporated with theabrownin and their application in fresh Auricularia auricula-judae preservation.,https://pubmed.ncbi.nlm.nih.gov/42431488/,PubMed
2026 Jul 10,Perceptual interactions and predicted mechanism in binary odorant mixtures of baked green tea (Camellia sinensis cv. Zhongcha 302).,https://pubmed.ncbi.nlm.nih.gov/42431456/,PubMed
2026 Jul 10,"Multi-year glyphosate exposure impairs soil fertility, microbial communities, nutrient cycling genes, and tea quality in tea plantations.",https://pubmed.ncbi.nlm.nih.gov/42431299/,PubMed
2026 Jul 13,Microbial community changes mediate the decline in soil organic carbon mineralization with depth in tea plantations.,https://pubmed.ncbi.nlm.nih.gov/42440164/,PubMed
2026 Jul 13,"Chromosome-Level Genome Assembly of Tea Cultivar ""Aijiaowulong"" Elucidates the Molecular Mechanism of Osmanthus-like Aroma Formation.",https://pubmed.ncbi.nlm.nih.gov/42439234/,PubMed
2026 Jul,Enzymatic modulation of hulless barley starch: Unraveling structural origins of altered digestibility and functional properties.,https://pubmed.ncbi.nlm.nih.gov/42438706/,PubMed
2026 Jul 12,A Minimalist Core and Lineage-Specific Expansion Underpin the Adaptive Evolution of the Cyclic Nucleotide-gated Channel (CNGC) Family: Insights from the Tea (Camellia sinensis) Pan-Genome.,https://pubmed.ncbi.nlm.nih.gov/42438126/,PubMed
2026,"Hippo-YAP/TAZ Signaling in Hematological Malignancies: Molecular Mechanisms, Pathway Crosstalk and Therapeutic Potential.",https://pubmed.ncbi.nlm.nih.gov/42437161/,PubMed
2026 Jul 11,TEA-modified anthill clay for tannery wastewater treatment: COD and BOD adsorption.,https://pubmed.ncbi.nlm.nih.gov/42436261/,PubMed
2026 Jul 7,Impact of epidural versus wound catheter analgesia for patients undergoing open pancreatoduodenectomy: A randomized controlled trial.,https://pubmed.ncbi.nlm.nih.gov/42436052/,PubMed
2026 Jul 10,High-efficiency callus induction from intact Camellia sinensis leaves via controlled incisions and its regulatory mechanisms.,https://pubmed.ncbi.nlm.nih.gov/42432484/,PubMed
2026 Jul 10,Eco-friendly synthesis and evaluation of carbon dots from kitchen waste for potential antibacterial applications.,https://pubmed.ncbi.nlm.nih.gov/42432009/,PubMed
2026 Jul 10,A unifying equation for fermentation sustainability across the titer-rate-yield landscape.,https://pubmed.ncbi.nlm.nih.gov/42431875/,PubMed
2026 Jul 10,Characterization of aperiodic and theta activity in preterm infants using EEG: Insights into cerebral maturation and inter-individual variability.,https://pubmed.ncbi.nlm.nih.gov/42447610/,PubMed
2026 Jul 14,"Functional Characterization of CsGT3 in the Biosynthesis of (Z)-3-Hexenyl Disaccharides, Anti-Herbivore Metabolites in Tea Plants (Camellia sinensis).",https://pubmed.ncbi.nlm.nih.gov/42446956/,PubMed
2026 Jul,Polyphenolic Components and Phytochemicals Deployed as Nutraceuticals and Pharmafoods.,https://pubmed.ncbi.nlm.nih.gov/42445687/,PubMed
2026 Jul 13,Correlation between fractal dimension of particle size distribution and strength development in alkanolamine-modified cements.,https://pubmed.ncbi.nlm.nih.gov/42443425/,PubMed
2026 Jul 10,"Profiling flavor quality and chemical signatures of China's representative large-leaf congou black teas by sensory evaluation, metabolite profiling, quantification, and flavor supplementation validation.",https://pubmed.ncbi.nlm.nih.gov/42442105/,PubMed
2026 Jul 13,Microbial community changes mediate the decline in soil organic carbon mineralization with depth in tea plantations.,https://pubmed.ncbi.nlm.nih.gov/42440164/,PubMed
2026 Jul 13,"Chromosome-Level Genome Assembly of Tea Cultivar ""Aijiaowulong"" Elucidates the Molecular Mechanism of Osmanthus-like Aroma Formation.",https://pubmed.ncbi.nlm.nih.gov/42439234/,PubMed
2026 Jul,Enzymatic modulation of hulless barley starch: Unraveling structural origins of altered digestibility and functional properties.,https://pubmed.ncbi.nlm.nih.gov/42438706/,PubMed
2026 Jul 12,A Minimalist Core and Lineage-Specific Expansion Underpin the Adaptive Evolution of the Cyclic Nucleotide-gated Channel (CNGC) Family: Insights from the Tea (Camellia sinensis) Pan-Genome.,https://pubmed.ncbi.nlm.nih.gov/42438126/,PubMed
2026,"Hippo-YAP/TAZ Signaling in Hematological Malignancies: Molecular Mechanisms, Pathway Crosstalk and Therapeutic Potential.",https://pubmed.ncbi.nlm.nih.gov/42437161/,PubMed
2026 Jul 15,Copper coordination-assisted magnetic MIP-MOF nanoparticles for highly sensitive matrine electrochemical sensing.,https://pubmed.ncbi.nlm.nih.gov/42455380/,PubMed
2026 Jul 15,Epigallocatechin gallate enhances panobinostat-induced cytotoxicity through HDAC modulation in colorectal cancer cells.,https://pubmed.ncbi.nlm.nih.gov/42455377/,PubMed
2026 Jul 15,A dual-response ratiometric fluorescent probe based on Tb(3+)/Eu(3+)-functionalized MOF-membrane on silica microspheres: highly selective detection of cefixime and tetracyclines via a built-in self-calibration strategy.,https://pubmed.ncbi.nlm.nih.gov/42455369/,PubMed
2026 Jul 15,AYA POWER: Feasibility and Early Outcomes of a Global Virtual AYA Oncology Education Curriculum.,https://pubmed.ncbi.nlm.nih.gov/42455153/,PubMed
2026 Jul 15,Metabolic profiling-based screening of potential hepatotoxic combinations in green tea components under non-specific reactive oxygen species-removal cellular conditions.,https://pubmed.ncbi.nlm.nih.gov/42454548/,PubMed
2026 Jul 10,"Green Tea Catechin Metabolite 5‑(3',5'-Dihydroxyphenyl)-γ-valerolactone Enhances the Antitumor Efficacy of Immune Checkpoint Blockade by Priming Type‑1 Immunity.",https://pubmed.ncbi.nlm.nih.gov/42453342/,PubMed
2026 Jul 15,"ZjPDI1, a Novel S-Nitrosylated Protein, Enhances Postharvest Disease Resistance in Jujube Fruit via the NO-Mediated Redox Signaling and ZjERO1 Interaction.",https://pubmed.ncbi.nlm.nih.gov/42453027/,PubMed
2026 Jul 14,Black tea ethanol soluble fraction restores intestinal homeostasis by modulating PI3K/AKT signaling and gut microbiota.,https://pubmed.ncbi.nlm.nih.gov/42448682/,PubMed
2026 Jul 14,Quantitative Assessment of Ulnohumeral Instability After K-NOW Unlinked Total Elbow Arthroplasty Using the Helical Axis: A Pilot Study.,https://pubmed.ncbi.nlm.nih.gov/42448141/,PubMed
2026 Jul 14,Integrated techno-economic and life cycle assessment of 3-hydroxypropionic acid bioproduction from a glycerol-molasses blend.,https://pubmed.ncbi.nlm.nih.gov/42448119/,PubMed
2026 Jul 13,Processing-driven metabolic and aroma shifts in Lingmu tea: insights for novel tea development.,https://pubmed.ncbi.nlm.nih.gov/42462310/,PubMed
2026 Jul 16,Tuning Aluminum Precursors for Area-Selective Infiltration into Polymers for High-Precision Pattern Transfer.,https://pubmed.ncbi.nlm.nih.gov/42462160/,PubMed
2026 Jul 16,"Techno-Economically Viable, Rapid, and Scalable Sonochemical Synthesis of AgCl Nanocubes for CO(2) Electroreduction.",https://pubmed.ncbi.nlm.nih.gov/42460802/,PubMed
2026 Jul 16,"Triple-Shielded Microneedle Patch: A Synergistic Approach to Combat Infection, Oxidation and Inflammation in Wound Healing.",https://pubmed.ncbi.nlm.nih.gov/42460508/,PubMed
2026 Jul 15,Marker-based authentication and chemotypic classification of Chinese scented roses using organ-specific volatile organic compound fingerprints from GC-IMS and GC × GC-TOF MS.,https://pubmed.ncbi.nlm.nih.gov/42458718/,PubMed
2026 Jul 15,Extended-release buprenorphine in adults with opioid use disorder involving poppy seed tea: An 18-month retrospective case series.,https://pubmed.ncbi.nlm.nih.gov/42458627/,PubMed
2026 Jul 15,"A deep learning-based study on automated CT diagnosis of kidney stones, hydronephrosis and pyonephrosis.",https://pubmed.ncbi.nlm.nih.gov/42458312/,PubMed
2026 Jul 15,Integrated metabolomic and transcriptomic analysis of Camellia sinensis var. pubilimba 'Rucheng Baimaocha' reveals distinct flavonoid and strictinin biosynthesis.,https://pubmed.ncbi.nlm.nih.gov/42458239/,PubMed
2026 Jul 15,Triceps-sparing approach results in better elbow function compared to triceps-detaching approach in total elbow arthroplasty: A multicenter prospective cohort study.,https://pubmed.ncbi.nlm.nih.gov/42457072/,PubMed
2026 Jul 9,"Chemical and sensory profiling of fermented, washed, and artificially flavored coffee beans: Insights into flavour quality, authenticity, and food safety implications.",https://pubmed.ncbi.nlm.nih.gov/42456335/,PubMed
2026 Jul 17,[International multidisciplinary consensus statement on perioperative fasting in adults].,https://pubmed.ncbi.nlm.nih.gov/42467104/,PubMed
2026 Jul 17,Antagonistic bHLH Transcription Factors CsIBH1 and CsPRE5 Fine-Tune CsPMEI14 to Enhance Fluoride Tolerance via CW Pectin Remodeling in Tea Plants.,https://pubmed.ncbi.nlm.nih.gov/42467055/,PubMed
2026 Jul 17,Wolbachia-centered cytoplasmic axis links elevational mitochondrial DNA turnover with microbiome restructuring.,https://pubmed.ncbi.nlm.nih.gov/42466849/,PubMed
2026 Jul 17,"Occurrence and Identification of Microbial Food Pathogens in Green Tea (Camellia sinensis): Influence on Catechins, Flavonoids, Phenolics, and Antioxidant Potential.",https://pubmed.ncbi.nlm.nih.gov/42466570/,PubMed
2026 Jul 16,Vaccination against Lawsonia intracellularis reduced tail-biting related behaviors in a commercial pig herd.,https://pubmed.ncbi.nlm.nih.gov/42464392/,PubMed
2026 Jul 10,Reshaping microbial function through Blastobotrys adeninivorans bioaugmentation to enhance flavor quality in ripened pu-erh tea: Insights from multi-omics analysis.,https://pubmed.ncbi.nlm.nih.gov/42462427/,PubMed
2026 Jul 16,Cationic guanidine covalent organic frameworks with abundant hydrogen-bonding sites for efficient enrichment and sensitive detection of nitrobenzenes in tea.,https://pubmed.ncbi.nlm.nih.gov/42462409/,PubMed
2026 Jul 13,Processing-driven metabolic and aroma shifts in Lingmu tea: insights for novel tea development.,https://pubmed.ncbi.nlm.nih.gov/42462310/,PubMed
2026 Jul 16,Tuning Aluminum Precursors for Area-Selective Infiltration into Polymers for High-Precision Pattern Transfer.,https://pubmed.ncbi.nlm.nih.gov/42462160/,PubMed
2026 Jul 16,"Techno-Economically Viable, Rapid, and Scalable Sonochemical Synthesis of AgCl Nanocubes for CO(2) Electroreduction.",https://pubmed.ncbi.nlm.nih.gov/42460802/,PubMed
2026 Jul 17,Pregnancy history is associated with lower odds of osteoporosis among Taiwanese women.,https://pubmed.ncbi.nlm.nih.gov/42469717/,PubMed
2026 Jul 17,"Comparative chloroplast genome analysis reveals genetic differentiation and maternal introgression in tea plants (Camellia sinensis) from Shaoyang, China.",https://pubmed.ncbi.nlm.nih.gov/42469642/,PubMed
2026 Jul 16,Development of an ultrasensitive magnetic biosensing platform using SERS and aptamer for the ratio detection of chlorpyrifos in tea.,https://pubmed.ncbi.nlm.nih.gov/42468423/,PubMed
2026 Jul 17,[International multidisciplinary consensus statement on perioperative fasting in adults].,https://pubmed.ncbi.nlm.nih.gov/42467104/,PubMed
2026 Jul 17,Antagonistic bHLH Transcription Factors CsIBH1 and CsPRE5 Fine-Tune CsPMEI14 to Enhance Fluoride Tolerance via CW Pectin Remodeling in Tea Plants.,https://pubmed.ncbi.nlm.nih.gov/42467055/,PubMed
2026 Jul 17,Wolbachia-centered cytoplasmic axis links elevational mitochondrial DNA turnover with microbiome restructuring.,https://pubmed.ncbi.nlm.nih.gov/42466849/,PubMed
2026 Jul 17,"Occurrence and Identification of Microbial Food Pathogens in Green Tea (Camellia sinensis): Influence on Catechins, Flavonoids, Phenolics, and Antioxidant Potential.",https://pubmed.ncbi.nlm.nih.gov/42466570/,PubMed
2026 Jul 16,Vaccination against Lawsonia intracellularis reduced tail-biting related behaviors in a commercial pig herd.,https://pubmed.ncbi.nlm.nih.gov/42464392/,PubMed
2026 Jul 16,Cationic guanidine covalent organic frameworks with abundant hydrogen-bonding sites for efficient enrichment and sensitive detection of nitrobenzenes in tea.,https://pubmed.ncbi.nlm.nih.gov/42462409/,PubMed
2026 Jul 13,Processing-driven metabolic and aroma shifts in Lingmu tea: insights for novel tea development.,https://pubmed.ncbi.nlm.nih.gov/42462310/,PubMed
2026,Sugary Drinks and High-Fat Foods are Associated with Poor Treatment Response in Psoriasis: A Prospective Study in Shanghai.,https://pubmed.ncbi.nlm.nih.gov/42471973/,PubMed
2026 Jul 19,Recent Advances of Analytical Approaches and Matrix Selection for Multi-Residue Pesticide Detection in Tea: A Review.,https://pubmed.ncbi.nlm.nih.gov/42471790/,PubMed
2026 Jul 18,Engineered lipase enables selective hydrolysis of palmitic over oleic acyl chains at a two‑phase microfluidic interface.,https://pubmed.ncbi.nlm.nih.gov/42471146/,PubMed
2026 Jul 15,Epigallocatechin-3-gallate enhances in vitro maturation and developmental competence of sheep oocytes.,https://pubmed.ncbi.nlm.nih.gov/42470980/,PubMed
2026 Jul 17,Pregnancy history is associated with lower odds of osteoporosis among Taiwanese women.,https://pubmed.ncbi.nlm.nih.gov/42469717/,PubMed
2026 Jul 17,"Comparative chloroplast genome analysis reveals genetic differentiation and maternal introgression in tea plants (Camellia sinensis) from Shaoyang, China.",https://pubmed.ncbi.nlm.nih.gov/42469642/,PubMed
2026 Jul 16,Development of an ultrasensitive magnetic biosensing platform using SERS and aptamer for the ratio detection of chlorpyrifos in tea.,https://pubmed.ncbi.nlm.nih.gov/42468423/,PubMed
2026 Jul 17,[International multidisciplinary consensus statement on perioperative fasting in adults].,https://pubmed.ncbi.nlm.nih.gov/42467104/,PubMed
2026 Jul 17,Antagonistic bHLH Transcription Factors CsIBH1 and CsPRE5 Fine-Tune CsPMEI14 to Enhance Fluoride Tolerance via CW Pectin Remodeling in Tea Plants.,https://pubmed.ncbi.nlm.nih.gov/42467055/,PubMed
2026 Jul 17,Wolbachia-centered cytoplasmic axis links elevational mitochondrial DNA turnover with microbiome restructuring.,https://pubmed.ncbi.nlm.nih.gov/42466849/,PubMed
2026 Jul 20,Revealing and Controlling Atomic-Scale Stacking Disorder in SAPO-34 for Enhanced MTO Performance.,https://pubmed.ncbi.nlm.nih.gov/42475716/,PubMed
2026,Assessment of waterlogging tolerance in tea genotypes through morpho-physiological and biochemical profiling.,https://pubmed.ncbi.nlm.nih.gov/42475643/,PubMed
2026 Jul 20,CsbHLH18 Directly Activates CsTSI to Promote Theanine Biosynthesis in Tea Plants (Camellia sinensis L.).,https://pubmed.ncbi.nlm.nih.gov/42475451/,PubMed
2026 Aug 1,"The contemporary epidemiology, causes, and management of drug-induced liver injury.",https://pubmed.ncbi.nlm.nih.gov/42475234/,PubMed
2026 Jul 20,Plant Volatile Nanoemulsion Resensitize Pseudomonas aeruginosa to Benzalkonium Chloride.,https://pubmed.ncbi.nlm.nih.gov/42474714/,PubMed
2026 Jul 20,A Sustainable Bio-Based Epoxy Thermoset as a High-Performance Alternative to BPA-Based Resins.,https://pubmed.ncbi.nlm.nih.gov/42474177/,PubMed
2026 Jul 20,Disrupting Helicobacter pylori Iron Homeostasis With Bismuth Nanodrug-Mediated Nutritional Trap for Targeted Gastric Infection Therapy.,https://pubmed.ncbi.nlm.nih.gov/42474133/,PubMed
2026 Jul 20,Purple tea extract-modified chitosan films with pH-responsive properties for fresh shrimp freshness monitoring.,https://pubmed.ncbi.nlm.nih.gov/42473436/,PubMed
2026 Jul 19,Technoeconomic and life-cycle assessment of multi-product and single-product lignocellulosic biorefineries.,https://pubmed.ncbi.nlm.nih.gov/42472549/,PubMed
2026,Sugary Drinks and High-Fat Foods are Associated with Poor Treatment Response in Psoriasis: A Prospective Study in Shanghai.,https://pubmed.ncbi.nlm.nih.gov/42471973/,PubMed
2026 Jul 21,Selenium-enriched tea polysaccharide treatment ameliorates walnut protein allergy by regulating gut microbiota and metabolism.,https://pubmed.ncbi.nlm.nih.gov/42479038/,PubMed
2026 Jul 20,Effectiveness of plasma-enhanced chemical vapor film in surface treatments of resin-matrix ceramics to preserve optical characteristics after different aging processes.,https://pubmed.ncbi.nlm.nih.gov/42477952/,PubMed
2026 Jul 20,Association between varying fermentation levels of tea and bone health in a community-based population.,https://pubmed.ncbi.nlm.nih.gov/42477735/,PubMed
2026 Jul 21,Lanthanide-based luminescent metal-organic framework as an optical sensing platform for rapid and reliable assessment of antioxidant activity in food samples.,https://pubmed.ncbi.nlm.nih.gov/42477253/,PubMed
2026 Jul 20,"Biomass-to-Methanol, Waste-to-Methanol, or PtX?─Quantifying the Sustainability of Alternative Methanol Production Pathways Using Life Cycle Assessment, Techno-Economic Analysis, and Multi-Criteria Decision Analysis.",https://pubmed.ncbi.nlm.nih.gov/42476920/,PubMed
2026 Jul 20,Rethinking spent mushroom substrate: from lignocellulosic waste to soil-microbiome bioresource for circular agriculture.,https://pubmed.ncbi.nlm.nih.gov/42476384/,PubMed
2026 Jul 17,In situ formation of hydrophobic deep eutectic solvents for liquid-liquid microextraction of neonicotinoid insecticides in water and tea infusion samples.,https://pubmed.ncbi.nlm.nih.gov/42476017/,PubMed
2026 Jul 20,Intelligent nanozyme-based colorimetric sensor array for identifying six major teas and quantifying adulteration.,https://pubmed.ncbi.nlm.nih.gov/42475951/,PubMed
2026 Jul 20,Revealing and Controlling Atomic-Scale Stacking Disorder in SAPO-34 for Enhanced MTO Performance.,https://pubmed.ncbi.nlm.nih.gov/42475716/,PubMed
2026,Assessment of waterlogging tolerance in tea genotypes through morpho-physiological and biochemical profiling.,https://pubmed.ncbi.nlm.nih.gov/42475643/,PubMed
2026 Jul 22,Establishment of the genetic transformation of Cordyceps chanhua (Hypocreales: Cordycipitaceae) and the functional research of the emopamil-binding protein Ccebp2163 gene.,https://pubmed.ncbi.nlm.nih.gov/42485234/,PubMed
2026 Jul 22,Transcriptomic analysis of oriental tea tortrix infected with male-killing virus.,https://pubmed.ncbi.nlm.nih.gov/42484909/,PubMed
2026 Jul 22,Stephanoside B modulates metabolic gene expression and lengthens the circadian bmal1 oscillation period in differentiated myotubes revealed by real-time bioluminescence.,https://pubmed.ncbi.nlm.nih.gov/42484698/,PubMed
2026 Jul 21,Gelatin/sodium alginate/zinc oxide hydrogel microspheres for pH-triggered berberine release: A novel dual-functional platform with antitumor and antibacterial properties.,https://pubmed.ncbi.nlm.nih.gov/42480746/,PubMed
2026 Jul 17,"""Golden flower"" development of Aspergillus cristatus determined the sensory characteristic and aroma compounds of Fu brick tea.",https://pubmed.ncbi.nlm.nih.gov/42480482/,PubMed
2026 Jul 21,Selenium-enriched tea polysaccharide treatment ameliorates walnut protein allergy by regulating gut microbiota and metabolism.,https://pubmed.ncbi.nlm.nih.gov/42479038/,PubMed
2026 Jul 20,Effectiveness of plasma-enhanced chemical vapor film in surface treatments of resin-matrix ceramics to preserve optical characteristics after different aging processes.,https://pubmed.ncbi.nlm.nih.gov/42477952/,PubMed
2026 Jul 20,Association between varying fermentation levels of tea and bone health in a community-based population.,https://pubmed.ncbi.nlm.nih.gov/42477735/,PubMed
2026 Jul 21,Lanthanide-based luminescent metal-organic framework as an optical sensing platform for rapid and reliable assessment of antioxidant activity in food samples.,https://pubmed.ncbi.nlm.nih.gov/42477253/,PubMed
2026 Jul 20,"Biomass-to-Methanol, Waste-to-Methanol, or PtX?─Quantifying the Sustainability of Alternative Methanol Production Pathways Using Life Cycle Assessment, Techno-Economic Analysis, and Multi-Criteria Decision Analysis.",https://pubmed.ncbi.nlm.nih.gov/42476920/,PubMed
2026 Jul 23,Programmable Chaotic Suspension Electrolysis for Scalable Manufacturing of Vacancy-Tunable Electrolytic MnO(2).,https://pubmed.ncbi.nlm.nih.gov/42489284/,PubMed
2026 Jul,"Kombucha Tea Fortified With Spirulina Maxima and Haematococcus pluvialis: Impact on Physicochemical Properties, Bioactive Profile, and Antioxidant Capacity.",https://pubmed.ncbi.nlm.nih.gov/42487980/,PubMed
2026 Jul 22,"Structural Characterization, In Vitro Digestion, Fermentation Properties, and Impact on Gut Microbiota of Polysaccharide from Qingzhuan Tea.",https://pubmed.ncbi.nlm.nih.gov/42487390/,PubMed
2026 Jul 23,Highly efficient colorimetric sensing for total antioxidant capacity of tea utilizing UiO-66(Ce) with oxidase-like activity.,https://pubmed.ncbi.nlm.nih.gov/42487078/,PubMed
2026 Jul 22,A pangenome of tetraploid wheat reveals the genetic architecture underlying domestication and genomic diversity for breeding.,https://pubmed.ncbi.nlm.nih.gov/42486906/,PubMed
2026 Jul 20,A combined metabolomics and flavoromics approach reveals dynamic changes in non-volatile and volatile compounds of Tieguanyin tea during roasting process.,https://pubmed.ncbi.nlm.nih.gov/42485781/,PubMed
2026 Jul 22,Establishment of the genetic transformation of Cordyceps chanhua (Hypocreales: Cordycipitaceae) and the functional research of the emopamil-binding protein Ccebp2163 gene.,https://pubmed.ncbi.nlm.nih.gov/42485234/,PubMed
2026 Jul 22,Transcriptomic analysis of oriental tea tortrix infected with male-killing virus.,https://pubmed.ncbi.nlm.nih.gov/42484909/,PubMed
2026 Jul 22,Stephanoside B modulates metabolic gene expression and lengthens the circadian bmal1 oscillation period in differentiated myotubes revealed by real-time bioluminescence.,https://pubmed.ncbi.nlm.nih.gov/42484698/,PubMed
2026 Jul 21,Gelatin/sodium alginate/zinc oxide hydrogel microspheres for pH-triggered berberine release: A novel dual-functional platform with antitumor and antibacterial properties.,https://pubmed.ncbi.nlm.nih.gov/42480746/,PubMed
2026,Spatial-aware lightweight network for real-time tea disease detection: A coordinate attention-enhanced YOLOv8n approach with path-decoupling strategy.,https://pubmed.ncbi.nlm.nih.gov/42497159/,PubMed
2026 Jul 24,"Decoding Antimicrobial Activities of Peppermint (Mentha Piperita), Tea Tree (Melaleuca Alternifolia), and Eucalyptus (Eucalyptus Globulus) Essential Oils: In Silico and In Vitro Approaches.",https://pubmed.ncbi.nlm.nih.gov/42496826/,PubMed
2026 Jul 24,The mitogen-activated protein kinase GhMPK3 participates in ethylene signaling regulating fiber elongation in cotton (Gossypium hirsutum).,https://pubmed.ncbi.nlm.nih.gov/42496714/,PubMed
2026 Jul 24,"Morphological and molecular characterization of Cordyceps javanica (Frieder. & Bally) Kepler and its in-vitro and in-vivo efficacy against tea mosquito bug, Helopeltis theivora waterhouse.",https://pubmed.ncbi.nlm.nih.gov/42496694/,PubMed
2026 Jul 21,"DeepSAT + SMART-Driven Identification of Diterpene Glycosides with α‑Glucosidase Inhibitory Activities from the Rhizomes of a Crop Plant, Isodon suzhouensis.",https://pubmed.ncbi.nlm.nih.gov/42495318/,PubMed
2026 Jul,Nutritional and Compositional Profile of Hypsizygus ulmarius Fruiting Bodies as Affected by Spent Tea Leaves and Spent Coffee Grounds Supplementation.,https://pubmed.ncbi.nlm.nih.gov/42494619/,PubMed
2026 Jul 23,A vesicular trafficking pathway mediated by N-ethylmaleimide-sensitive factor governs integrin maturation and podocyte integrity.,https://pubmed.ncbi.nlm.nih.gov/42492856/,PubMed
2026 Jul 23,Programmable Chaotic Suspension Electrolysis for Scalable Manufacturing of Vacancy-Tunable Electrolytic MnO(2).,https://pubmed.ncbi.nlm.nih.gov/42489284/,PubMed
2026 Jul,"Kombucha Tea Fortified With Spirulina Maxima and Haematococcus pluvialis: Impact on Physicochemical Properties, Bioactive Profile, and Antioxidant Capacity.",https://pubmed.ncbi.nlm.nih.gov/42487980/,PubMed
2026 Jul 22,"Structural Characterization, In Vitro Digestion, Fermentation Properties, and Impact on Gut Microbiota of Polysaccharide from Qingzhuan Tea.",https://pubmed.ncbi.nlm.nih.gov/42487390/,PubMed
